#
# A fatal error has been detected by the Java Runtime Environment:
#
#  Internal Error (utilities/concurrentHashTable.inline.hpp:682), pid=21224, tid=13792
#  fatal error: aux_index does not match even or odd indices
#
# JRE version: OpenJDK Runtime Environment JBR-21.0.6+9-895.109-jcef (21.0.6+9) (build 21.0.6+9-b895.109)
# Java VM: OpenJDK 64-Bit Server VM JBR-21.0.6+9-895.109-jcef (21.0.6+9-b895.109, mixed mode, sharing, tiered, compressed oops, compressed class ptrs, g1 gc, windows-amd64)
# No core dump will be written. Minidumps are not enabled by default on client versions of Windows
#
# If you would like to submit a bug report, please visit:
#   https://youtrack.jetbrains.com/issues/JBR
#

---------------  S U M M A R Y ------------

Command Line: abort vfprintf -XX:ErrorFile=C:\Users\Nine3\java_error_in_idea_%p.log -XX:HeapDumpPath=C:\Users\Nine3\java_error_in_idea.hprof -Xms128m -Xmx2048m -XX:ReservedCodeCacheSize=512m -XX:+HeapDumpOnOutOfMemoryError -XX:-OmitStackTraceInFastThrow -XX:CICompilerCount=2 -XX:+IgnoreUnrecognizedVMOptions -XX:+UnlockDiagnosticVMOptions -XX:TieredOldPercentage=100000 -ea -Dsun.io.useCanonCaches=false -Dsun.java2d.metal=true -Djbr.catch.SIGABRT=true -Djdk.http.auth.tunneling.disabledSchemes="" -Djdk.attach.allowAttachSelf=true -Djdk.module.illegalAccess.silent=true -Djdk.nio.maxCachedBufferSize=2097152 -Djava.util.zip.use.nio.for.zip.file.access=true -Dkotlinx.coroutines.debug=off -Didea.kotlin.plugin.use.k2=true -Xms128m -Xmx1024m -XX:ReservedCodeCacheSize=512m -XX:+IgnoreUnrecognizedVMOptions -XX:+UseG1GC -XX:SoftRefLRUPolicyMSPerMB=50 -XX:CICompilerCount=2 -XX:+HeapDumpOnOutOfMemoryError -XX:-OmitStackTraceInFastThrow -ea -Dsun.io.useCanonCaches=false -Djdk.http.auth.tunneling.disabledSchemes="" -Djdk.attach.allowAttachSelf=true -Djdk.module.illegalAccess.silent=true -Dkotlinx.coroutines.debug=off -XX:ErrorFile=$USER_HOME/java_error_in_idea_%p.log -XX:HeapDumpPath=$USER_HOME/java_error_in_idea.hprof --add-opens=java.base/jdk.internal.org.objectweb.asm=ALL-UNNAMED --add-opens=java.base/jdk.internal.org.objectweb.asm.tree=ALL-UNNAMED -javaagent:D:\IDEA\jetbra-pojie\win2021-2025\ja-netfilter.jar=jetbrains -Djb.vmOptionsFile=D:\IDEA\jetbra-pojie\win2021-2025\vmoptions\idea.vmoptions -Xbootclasspath/a:D:\IDEA\IntelliJ IDEA 2025.1.1.1/lib/nio-fs.jar -Djava.system.class.loader=com.intellij.util.lang.PathClassLoader -Didea.vendor.name=JetBrains -Didea.paths.selector=IntelliJIdea2025.1 -Djna.boot.library.path=D:\IDEA\IntelliJ IDEA 2025.1.1.1/lib/jna/amd64 -Djna.nosys=true -Djna.noclasspath=true -Dpty4j.preferred.native.folder=D:\IDEA\IntelliJ IDEA 2025.1.1.1/lib/pty4j -Dio.netty.allocator.type=pooled -Dintellij.platform.runtime.repository.path=D:\IDEA\IntelliJ IDEA 2025.1.1.1/modules/module-descriptors.jar -Dwsl.use.remote.agent.for.nio.filesystem=true -Djava.nio.file.spi.DefaultFileSystemProvider=com.intellij.platform.core.nio.fs.MultiRoutingFileSystemProvider -Dsplash=true -Daether.connector.resumeDownloads=false -Dcompose.swing.render.on.graphics=true --add-opens=java.base/java.io=ALL-UNNAMED --add-opens=java.base/java.lang=ALL-UNNAMED --add-opens=java.base/java.lang.ref=ALL-UNNAMED --add-opens=java.base/java.lang.reflect=ALL-UNNAMED --add-opens=java.base/java.net=ALL-UNNAMED --add-opens=java.base/java.nio=ALL-UNNAMED --add-opens=java.base/java.nio.charset=ALL-UNNAMED --add-opens=java.base/java.text=ALL-UNNAMED --add-opens=java.base/java.time=ALL-UNNAMED --add-opens=java.base/java.util=ALL-UNNAMED --add-opens=java.base/java.util.concurrent=ALL-UNNAMED --add-opens=java.base/java.util.concurrent.atomic=ALL-UNNAMED --add-opens=java.base/java.util.concurrent.locks=ALL-UNNAMED --add-opens=java.base/jdk.internal.vm=ALL-UNNAMED --add-opens=java.base/sun.net.dns=ALL-UNNAMED --add-opens=java.base/sun.nio.ch=ALL-UNNAMED --add-opens=java.base/sun.nio.fs=ALL-UNNAMED --add-opens=java.base/sun.security.ssl=ALL-UNNAMED --add-opens=java.base/sun.security.util=ALL-UNNAMED --add-opens=java.desktop/com.sun.java.swing=ALL-UNNAMED --add-opens=java.desktop/java.awt=ALL-UNNAMED --add-opens=java.desktop/java.awt.dnd.peer=ALL-UNNAMED --add-opens=java.desktop/java.awt.event=ALL-UNNAMED --add-opens=java.desktop/java.awt.font=ALL-UNNAMED --add-opens=java.desktop/java.awt.image=ALL-UNNAMED --add-opens=java.desktop/java.awt.peer=ALL-UNNAMED --add-opens=java.desktop/javax.swing=ALL-UNNAMED --add-opens=java.desktop/javax.swing.plaf.basic=ALL-UNNAMED --add-opens=java.desktop/javax.swing.text=ALL-UNNAMED --add-opens=java.desktop/javax.swing.text.html=ALL-UNNAMED --add-opens=java.desktop/sun.awt=ALL-UNNAMED --add-opens=java.desktop/sun.awt.datatransfer=ALL-UNNAMED --add-opens=java.desktop/sun.awt.image=ALL-UNNAMED --add-opens=java.desktop/sun.awt.windows=ALL-UNNAMED --add-opens=java.desktop/sun.font=ALL-UNNAMED --add-opens=java.desktop/sun.java2d=ALL-UNNAMED --add-opens=java.desktop/sun.swing=ALL-UNNAMED --add-opens=java.management/sun.management=ALL-UNNAMED --add-opens=jdk.attach/sun.tools.attach=ALL-UNNAMED --add-opens=jdk.compiler/com.sun.tools.javac.api=ALL-UNNAMED --add-opens=jdk.internal.jvmstat/sun.jvmstat.monitor=ALL-UNNAMED --add-opens=jdk.jdi/com.sun.tools.jdi=ALL-UNNAMED -Dide.native.launcher=true -Djcef.sandbox.ptr=0000026399C729C0 -Djcef.sandbox.cefVersion=122.1.9+gd14e051+chromium-122.0.6261.94 com.intellij.idea.Main D:\program\bookborrowing\bbms-backend

Host: AMD Ryzen 7 7735H with Radeon Graphics        , 16 cores, 15G,  Windows 11 , 64 bit Build 26100 (10.0.26100.6725)
Time: Fri Nov  7 16:39:28 2025  Windows 11 , 64 bit Build 26100 (10.0.26100.6725) elapsed time: 6703.879640 seconds (0d 1h 51m 43s)

---------------  T H R E A D  ---------------

Current thread (0x00000263c540d900):  JavaThread "Service Thread" daemon [_thread_in_vm, id=13792, stack(0x0000009e24700000,0x0000009e24800000) (1024K)]

Stack: [0x0000009e24700000,0x0000009e24800000]
Native frames: (J=compiled Java code, j=interpreted, Vv=VM code, C=native code)
V  [jvm.dll+0x6e5cb9]
V  [jvm.dll+0x8c4113]
V  [jvm.dll+0x8c666e]
V  [jvm.dll+0x288d61]
V  [jvm.dll+0x8320c8]
V  [jvm.dll+0x8309ea]
V  [jvm.dll+0x82feb9]
V  [jvm.dll+0x74b5f9]
V  [jvm.dll+0x3ff796]
V  [jvm.dll+0x86bc68]
V  [jvm.dll+0x6e44bd]
C  [ucrtbase.dll+0x37b0]
C  [KERNEL32.DLL+0x2e8d7]
C  [ntdll.dll+0x8c53c]


---------------  P R O C E S S  ---------------

Threads class SMR info:
_java_thread_list=0x000002650dafe810, length=83, elements={
0x0000026399c99cd0, 0x00000263c53fdfe0, 0x00000263c53fe8f0, 0x00000263c5403890,
0x00000263c54042e0, 0x00000263c540d900, 0x00000263c541dff0, 0x00000263c541ff30,
0x00000263c54229d0, 0x00000263c550fba0, 0x00000263c57e7bf0, 0x00000264347c3be0,
0x00000264347c21a0, 0x00000264347c1480, 0x00000264347c5620, 0x00000264347c5cb0,
0x00000264347c6340, 0x000002643525a750, 0x000002646a80b380, 0x000002646a80d450,
0x000002646acf3680, 0x000002647c9d9b50, 0x0000026496425b30, 0x00000264ad974ba0,
0x00000264ad9737f0, 0x00000264ad973160, 0x00000264ad974510, 0x00000264be401980,
0x00000264f4bb5280, 0x00000264f4bb3ed0, 0x00000264f6407190, 0x00000264f64198e0,
0x00000264f4b9e300, 0x00000264f4ba1e10, 0x00000264f4ba2b30, 0x00000264f4b9f6b0,
0x00000264ff477660, 0x0000026399760d00, 0x00000264ff4448a0, 0x000002650f78b980,
0x000002650f785da0, 0x000002650f7a1be0, 0x00000264ff44e620, 0x00000264ff44f340,
0x00000264ff4527c0, 0x00000264ff4562d0, 0x000002650f79f480, 0x000002650f7a4340,
0x000002650f7a9200, 0x000002650f7a7130, 0x000002650f7a9f20, 0x000002650f7ad3a0,
0x000002650f7ada30, 0x000002650f7afb00, 0x000002650f7b1540, 0x000002650f7b56e0,
0x000002650f7b2260, 0x000002650f7b84d0, 0x000002650f7bda20, 0x00000264ff44c550,
0x000002646272d2d0, 0x00000264da722130, 0x00000264ff44f9d0, 0x00000264ff452130,
0x00000264ff458a30, 0x00000264ff4590c0, 0x00000264ff455c40, 0x00000264ff457680,
0x00000264ff462e40, 0x00000264ff45f9c0, 0x00000264ff463b60, 0x00000264ff469740,
0x00000264b5850b20, 0x00000264b5851ed0, 0x00000264b5857420, 0x00000264b5856700,
0x00000264b5856d90, 0x00000264b5857ab0, 0x00000264b5854630, 0x00000264cdae5790,
0x00000264d0d167d0, 0x00000264d14ac030, 0x00000264d0d174f0
}

Java Threads: ( => current thread )
  0x0000026399c99cd0 JavaThread "main"                              [_thread_blocked, id=38760, stack(0x0000009e23a00000,0x0000009e23c00000) (2048K)]
  0x00000263c53fdfe0 JavaThread "Reference Handler"          daemon [_thread_blocked, id=37944, stack(0x0000009e24300000,0x0000009e24400000) (1024K)]
  0x00000263c53fe8f0 JavaThread "Finalizer"                  daemon [_thread_blocked, id=5284, stack(0x0000009e24400000,0x0000009e24500000) (1024K)]
  0x00000263c5403890 JavaThread "Signal Dispatcher"          daemon [_thread_blocked, id=37928, stack(0x0000009e24500000,0x0000009e24600000) (1024K)]
  0x00000263c54042e0 JavaThread "Attach Listener"            daemon [_thread_blocked, id=22364, stack(0x0000009e24600000,0x0000009e24700000) (1024K)]
=>0x00000263c540d900 JavaThread "Service Thread"             daemon [_thread_in_vm, id=13792, stack(0x0000009e24700000,0x0000009e24800000) (1024K)]
  0x00000263c541dff0 JavaThread "Monitor Deflation Thread"   daemon [_thread_blocked, id=15588, stack(0x0000009e24800000,0x0000009e24900000) (1024K)]
  0x00000263c541ff30 JavaThread "C2 CompilerThread0"         daemon [_thread_blocked, id=23440, stack(0x0000009e24900000,0x0000009e24a00000) (1024K)]
  0x00000263c54229d0 JavaThread "C1 CompilerThread0"         daemon [_thread_blocked, id=38980, stack(0x0000009e24a00000,0x0000009e24b00000) (1024K)]
  0x00000263c550fba0 JavaThread "Common-Cleaner"             daemon [_thread_blocked, id=30452, stack(0x0000009e24b00000,0x0000009e24c00000) (1024K)]
  0x00000263c57e7bf0 JavaThread "Notification Thread"        daemon [_thread_blocked, id=30172, stack(0x0000009e24c00000,0x0000009e24d00000) (1024K)]
  0x00000264347c3be0 JavaThread "Java2D Disposer"            daemon [_thread_blocked, id=14864, stack(0x0000009e26400000,0x0000009e26500000) (1024K)]
  0x00000264347c21a0 JavaThread "AWT-Shutdown"                      [_thread_blocked, id=6976, stack(0x0000009e26500000,0x0000009e26600000) (1024K)]
  0x00000264347c1480 JavaThread "AWT-Windows"                daemon [_thread_in_native, id=22072, stack(0x0000009e26600000,0x0000009e26700000) (1024K)]
  0x00000264347c5620 JavaThread "AWT-EventQueue-0"                  [_thread_blocked, id=36104, stack(0x0000009e26700000,0x0000009e26800000) (1024K)]
  0x00000264347c5cb0 JavaThread "External Command Listener"  daemon [_thread_in_native, id=10988, stack(0x0000009e26800000,0x0000009e26900000) (1024K)]
  0x00000264347c6340 JavaThread "kotlinx.coroutines.DefaultExecutor" daemon [_thread_blocked, id=37152, stack(0x0000009e26900000,0x0000009e26a00000) (1024K)]
  0x000002643525a750 JavaThread "Kernel event loop thread h7elu0sru4l6p2t8b4uq" daemon [_thread_blocked, id=21008, stack(0x0000009e27400000,0x0000009e27500000) (1024K)]
  0x000002646a80b380 JavaThread "PeriodicMetricReader"       daemon [_thread_blocked, id=39300, stack(0x0000009e27600000,0x0000009e27700000) (1024K)]
  0x000002646a80d450 JavaThread "Coroutines Debugger Cleaner" daemon [_thread_blocked, id=18188, stack(0x0000009e27700000,0x0000009e27800000) (1024K)]
  0x000002646acf3680 JavaThread "JNA Cleaner"                daemon [_thread_blocked, id=7568, stack(0x0000009e27800000,0x0000009e27900000) (1024K)]
  0x000002647c9d9b50 JavaThread "Periodic tasks thread"      daemon [_thread_blocked, id=16976, stack(0x0000009e27e00000,0x0000009e27f00000) (1024K)]
  0x0000026496425b30 JavaThread "Netty Builtin Server 1"     daemon [_thread_in_native, id=33980, stack(0x0000009e28000000,0x0000009e28100000) (1024K)]
  0x00000264ad974ba0 JavaThread "fsnotifier.exe"                    [_thread_in_native, id=3416, stack(0x0000009e28300000,0x0000009e28400000) (1024K)]
  0x00000264ad9737f0 JavaThread "BaseDataReader: output stream of fsnotifier.exe"        [_thread_in_native, id=35616, stack(0x0000009e28400000,0x0000009e28500000) (1024K)]
  0x00000264ad973160 JavaThread "BaseDataReader: error stream of fsnotifier.exe"        [_thread_in_native, id=10820, stack(0x0000009e28500000,0x0000009e28600000) (1024K)]
  0x00000264ad974510 JavaThread "TimerQueue"                 daemon [_thread_blocked, id=26060, stack(0x0000009e28800000,0x0000009e28900000) (1024K)]
  0x00000264be401980 JavaThread "Jndi-Dns-address-change-listener" daemon [_thread_in_native, id=10152, stack(0x0000009e29600000,0x0000009e29700000) (1024K)]
  0x00000264f4bb5280 JavaThread "Netty Station Server 1-1"   daemon [_thread_in_native, id=37984, stack(0x0000009e2b500000,0x0000009e2b600000) (1024K)]
  0x00000264f4bb3ed0 JavaThread "Netty Station Client 1-1"   daemon [_thread_in_native, id=33372, stack(0x0000009e2b600000,0x0000009e2b700000) (1024K)]
  0x00000264f6407190 JavaThread "CefBgThread"                daemon [_thread_blocked, id=39680, stack(0x0000009e2b700000,0x0000009e2b800000) (1024K)]
  0x00000264f64198e0 JavaThread "Windows Shell integration"  daemon [_thread_blocked, id=13384, stack(0x0000009e2bb00000,0x0000009e2bc00000) (1024K)]
  0x00000264f4b9e300 JavaThread "CefHandlers-listening"             [_thread_in_native, id=11036, stack(0x0000009e2d900000,0x0000009e2da00000) (1024K)]
  0x00000264f4ba1e10 JavaThread "CefHandlers-execution-0"    daemon [_thread_in_native, id=37240, stack(0x0000009e2e400000,0x0000009e2e500000) (1024K)]
  0x00000264f4ba2b30 JavaThread "CefHandlers-execution-1"    daemon [_thread_in_native, id=38876, stack(0x0000009e2e500000,0x0000009e2e600000) (1024K)]
  0x00000264f4b9f6b0 JavaThread "CefHandlers-execution-2"    daemon [_thread_in_native, id=36980, stack(0x0000009e2e600000,0x0000009e2e700000) (1024K)]
  0x00000264ff477660 JavaThread "JVMResponsivenessMonitor"   daemon [_thread_blocked, id=5732, stack(0x0000009e27500000,0x0000009e27600000) (1024K)]
  0x0000026399760d00 JavaThread "HttpClient-4-SelectorManager" daemon [_thread_in_native, id=6692, stack(0x0000009e2f800000,0x0000009e2f900000) (1024K)]
  0x00000264ff4448a0 JavaThread "Netty Station Client 1-2"   daemon [_thread_in_native, id=37348, stack(0x0000009e30500000,0x0000009e30600000) (1024K)]
  0x000002650f78b980 JavaThread "Netty Builtin Server 2"            [_thread_in_native, id=34892, stack(0x0000009e2f200000,0x0000009e2f300000) (1024K)]
  0x000002650f785da0 JavaThread "Netty Builtin Server 3"            [_thread_in_native, id=36216, stack(0x0000009e30600000,0x0000009e30700000) (1024K)]
  0x000002650f7a1be0 JavaThread "ApplicationImpl pooled thread 17"        [_thread_blocked, id=29492, stack(0x0000009e23800000,0x0000009e23900000) (1024K)]
  0x00000264ff44e620 JavaThread "DefaultDispatcher-worker-16" daemon [_thread_blocked, id=27944, stack(0x0000009e24d00000,0x0000009e24e00000) (1024K)]
  0x00000264ff44f340 JavaThread "DefaultDispatcher-worker-15" daemon [_thread_blocked, id=40536, stack(0x0000009e24e00000,0x0000009e24f00000) (1024K)]
  0x00000264ff4527c0 JavaThread "DefaultDispatcher-worker-11" daemon [_thread_blocked, id=4508, stack(0x0000009e25c00000,0x0000009e25d00000) (1024K)]
  0x00000264ff4562d0 JavaThread "DefaultDispatcher-worker-2" daemon [_thread_blocked, id=15524, stack(0x0000009e25f00000,0x0000009e26000000) (1024K)]
  0x000002650f79f480 JavaThread "DefaultDispatcher-worker-12" daemon [_thread_blocked, id=43020, stack(0x0000009e25b00000,0x0000009e25c00000) (1024K)]
  0x000002650f7a4340 JavaThread "DefaultDispatcher-worker-4" daemon [_thread_blocked, id=41972, stack(0x0000009e25e00000,0x0000009e25f00000) (1024K)]
  0x000002650f7a9200 JavaThread "DefaultDispatcher-worker-1" daemon [_thread_blocked, id=23428, stack(0x0000009e27900000,0x0000009e27a00000) (1024K)]
  0x000002650f7a7130 JavaThread "DefaultDispatcher-worker-7" daemon [_thread_blocked, id=33060, stack(0x0000009e28600000,0x0000009e28700000) (1024K)]
  0x000002650f7a9f20 JavaThread "DefaultDispatcher-worker-6" daemon [_thread_blocked, id=39740, stack(0x0000009e28700000,0x0000009e28800000) (1024K)]
  0x000002650f7ad3a0 JavaThread "JobScheduler FJ pool 5/15"  daemon [_thread_blocked, id=12848, stack(0x0000009e29400000,0x0000009e29500000) (1024K)]
  0x000002650f7ada30 JavaThread "JobScheduler FJ pool 6/15"  daemon [_thread_blocked, id=45064, stack(0x0000009e29500000,0x0000009e29600000) (1024K)]
  0x000002650f7afb00 JavaThread "JobScheduler FJ pool 8/15"  daemon [_thread_blocked, id=45924, stack(0x0000009e29800000,0x0000009e29900000) (1024K)]
  0x000002650f7b1540 JavaThread "java.exe"                          [_thread_in_native, id=44068, stack(0x0000009e29a00000,0x0000009e29b00000) (1024K)]
  0x000002650f7b56e0 JavaThread "BaseDataReader: error stream of java.exe"        [_thread_in_native, id=10548, stack(0x0000009e29b00000,0x0000009e29c00000) (1024K)]
  0x000002650f7b2260 JavaThread "BaseDataReader: output stream of java.exe"        [_thread_in_native, id=36828, stack(0x0000009e29c00000,0x0000009e29d00000) (1024K)]
  0x000002650f7b84d0 JavaThread "JobScheduler FJ pool 11/15" daemon [_thread_blocked, id=40232, stack(0x0000009e29f00000,0x0000009e2a000000) (1024K)]
  0x000002650f7bda20 JavaThread "ApplicationImpl pooled thread 28"        [_thread_blocked, id=42876, stack(0x0000009e2a400000,0x0000009e2a500000) (1024K)]
  0x00000264ff44c550 JavaThread "RMI Scheduler(0)"           daemon [_thread_blocked, id=17740, stack(0x0000009e2a900000,0x0000009e2aa00000) (1024K)]
  0x000002646272d2d0 JavaThread "rd throttler"               daemon [_thread_blocked, id=37388, stack(0x0000009e2a100000,0x0000009e2a200000) (1024K)]
  0x00000264da722130 JavaThread "ApplicationImpl pooled thread 29"        [_thread_blocked, id=31568, stack(0x0000009e29900000,0x0000009e29a00000) (1024K)]
  0x00000264ff44f9d0 JavaThread "DefaultDispatcher-worker-8" daemon [_thread_blocked, id=23080, stack(0x0000009e25200000,0x0000009e25300000) (1024K)]
  0x00000264ff452130 JavaThread "DefaultDispatcher-worker-5" daemon [_thread_blocked, id=42692, stack(0x0000009e26000000,0x0000009e26100000) (1024K)]
  0x00000264ff458a30 JavaThread "DefaultDispatcher-worker-10" daemon [_thread_blocked, id=45340, stack(0x0000009e26100000,0x0000009e26200000) (1024K)]
  0x00000264ff4590c0 JavaThread "DefaultDispatcher-worker-3" daemon [_thread_blocked, id=44072, stack(0x0000009e27a00000,0x0000009e27b00000) (1024K)]
  0x00000264ff455c40 JavaThread "DefaultDispatcher-worker-14" daemon [_thread_blocked, id=44196, stack(0x0000009e27b00000,0x0000009e27c00000) (1024K)]
  0x00000264ff457680 JavaThread "DefaultDispatcher-worker-9" daemon [_thread_blocked, id=45948, stack(0x0000009e28a00000,0x0000009e28b00000) (1024K)]
  0x00000264ff462e40 JavaThread "JobScheduler FJ pool 1/15"  daemon [_thread_blocked, id=31600, stack(0x0000009e28d00000,0x0000009e28e00000) (1024K)]
  0x00000264ff45f9c0 JavaThread "JobScheduler FJ pool 0/15"  daemon [_thread_blocked, id=44964, stack(0x0000009e28e00000,0x0000009e28f00000) (1024K)]
  0x00000264ff463b60 JavaThread "JobScheduler FJ pool 3/15"  daemon [_thread_blocked, id=10808, stack(0x0000009e29000000,0x0000009e29100000) (1024K)]
  0x00000264ff469740 JavaThread "JobScheduler FJ pool 4/15"  daemon [_thread_blocked, id=28264, stack(0x0000009e29100000,0x0000009e29200000) (1024K)]
  0x00000264b5850b20 JavaThread "JobScheduler FJ pool 2/15"  daemon [_thread_blocked, id=37032, stack(0x0000009e28f00000,0x0000009e29000000) (1024K)]
  0x00000264b5851ed0 JavaThread "JobScheduler FJ pool 7/15"  daemon [_thread_blocked, id=23444, stack(0x0000009e29200000,0x0000009e29300000) (1024K)]
  0x00000264b5857420 JavaThread "JobScheduler FJ pool 9/15"  daemon [_thread_blocked, id=10784, stack(0x0000009e29300000,0x0000009e29400000) (1024K)]
  0x00000264b5856700 JavaThread "JobScheduler FJ pool 10/15" daemon [_thread_blocked, id=34320, stack(0x0000009e29700000,0x0000009e29800000) (1024K)]
  0x00000264b5856d90 JavaThread "JobScheduler FJ pool 12/15" daemon [_thread_blocked, id=16856, stack(0x0000009e29d00000,0x0000009e29e00000) (1024K)]
  0x00000264b5857ab0 JavaThread "JobScheduler FJ pool 13/15" daemon [_thread_blocked, id=31956, stack(0x0000009e29e00000,0x0000009e29f00000) (1024K)]
  0x00000264b5854630 JavaThread "JobScheduler FJ pool 14/15" daemon [_thread_blocked, id=39000, stack(0x0000009e2a000000,0x0000009e2a100000) (1024K)]
  0x00000264cdae5790 JavaThread "DefaultDispatcher-worker-13" daemon [_thread_blocked, id=39392, stack(0x0000009e23900000,0x0000009e23a00000) (1024K)]
  0x00000264d0d167d0 JavaThread "ApplicationImpl pooled thread 31"        [_thread_blocked, id=39372, stack(0x0000009e2a200000,0x0000009e2a300000) (1024K)]
  0x00000264d14ac030 JavaThread "Keep-Alive-SocketCleaner"   daemon [_thread_blocked, id=2252, stack(0x0000009e24f00000,0x0000009e25000000) (1024K)]
  0x00000264d0d174f0 JavaThread "Keep-Alive-Timer"           daemon [_thread_blocked, id=37356, stack(0x0000009e25000000,0x0000009e25100000) (1024K)]
Total: 83

Other Threads:
  0x00000263c4d692a0 VMThread "VM Thread"                           [id=17388, stack(0x0000009e24200000,0x0000009e24300000) (1024K)]
  0x00000263c4d55bd0 WatcherThread "VM Periodic Task Thread"        [id=7728, stack(0x0000009e24100000,0x0000009e24200000) (1024K)]
  0x000002639b8b45c0 WorkerThread "GC Thread#0"                     [id=26880, stack(0x0000009e23c00000,0x0000009e23d00000) (1024K)]
  0x0000026434435220 WorkerThread "GC Thread#1"                     [id=23600, stack(0x0000009e25400000,0x0000009e25500000) (1024K)]
  0x00000264343ab2a0 WorkerThread "GC Thread#2"                     [id=39176, stack(0x0000009e25500000,0x0000009e25600000) (1024K)]
  0x00000264343a7da0 WorkerThread "GC Thread#3"                     [id=10540, stack(0x0000009e25600000,0x0000009e25700000) (1024K)]
  0x00000264343a8140 WorkerThread "GC Thread#4"                     [id=33668, stack(0x0000009e25700000,0x0000009e25800000) (1024K)]
  0x000002643441b6b0 WorkerThread "GC Thread#5"                     [id=37912, stack(0x0000009e25800000,0x0000009e25900000) (1024K)]
  0x000002643441ba50 WorkerThread "GC Thread#6"                     [id=32980, stack(0x0000009e25900000,0x0000009e25a00000) (1024K)]
  0x000002643441dc70 WorkerThread "GC Thread#7"                     [id=38560, stack(0x0000009e25a00000,0x0000009e25b00000) (1024K)]
  0x0000026434a78bb0 WorkerThread "GC Thread#8"                     [id=29888, stack(0x0000009e26d00000,0x0000009e26e00000) (1024K)]
  0x0000026434a79dd0 WorkerThread "GC Thread#9"                     [id=35152, stack(0x0000009e26e00000,0x0000009e26f00000) (1024K)]
  0x000002643441e3b0 WorkerThread "GC Thread#10"                    [id=29392, stack(0x0000009e26f00000,0x0000009e27000000) (1024K)]
  0x000002643591e090 WorkerThread "GC Thread#11"                    [id=22544, stack(0x0000009e27000000,0x0000009e27100000) (1024K)]
  0x000002643591c390 WorkerThread "GC Thread#12"                    [id=26460, stack(0x0000009e27100000,0x0000009e27200000) (1024K)]
  0x000002639b8c14e0 ConcurrentGCThread "G1 Main Marker"            [id=18628, stack(0x0000009e23d00000,0x0000009e23e00000) (1024K)]
  0x000002639b8c3790 WorkerThread "G1 Conc#0"                       [id=3860, stack(0x0000009e23e00000,0x0000009e23f00000) (1024K)]
  0x000002643591b510 WorkerThread "G1 Conc#1"                       [id=33704, stack(0x0000009e27200000,0x0000009e27300000) (1024K)]
  0x000002643591eb70 WorkerThread "G1 Conc#2"                       [id=24604, stack(0x0000009e27300000,0x0000009e27400000) (1024K)]
  0x000002639b8fd110 ConcurrentGCThread "G1 Refine#0"               [id=31284, stack(0x0000009e23f00000,0x0000009e24000000) (1024K)]
  0x000002639b8fda90 ConcurrentGCThread "G1 Service"                [id=36140, stack(0x0000009e24000000,0x0000009e24100000) (1024K)]
Total: 21

Threads with active compile tasks:
Total: 0

VM state: not at safepoint (normal execution)

VM Mutex/Monitor currently owned by a thread: None

Heap address: 0x00000000c0000000, size: 1024 MB, Compressed Oops mode: 32-bit

CDS archive(s) mapped at: [0x00000263c6000000-0x00000263c6d00000-0x00000263c6d00000), size 13631488, SharedBaseAddress: 0x00000263c6000000, ArchiveRelocationMode: 1.
Compressed class space mapped at: 0x00000263c7000000-0x0000026407000000, reserved size: 1073741824
Narrow klass base: 0x00000263c6000000, Narrow klass shift: 0, Narrow klass range: 0x100000000

GC Precious Log:
 CardTable entry size: 512
 Card Set container configuration: InlinePtr #cards 5 size 8 Array Of Cards #cards 12 size 40 Howl #buckets 4 coarsen threshold 1843 Howl Bitmap #cards 512 size 80 coarsen threshold 460 Card regions per heap region 1 cards per card region 2048
 CPUs: 16 total, 16 available
 Memory: 15610M
 Large Page Support: Disabled
 NUMA Support: Disabled
 Compressed Oops: Enabled (32-bit)
 Heap Region Size: 1M
 Heap Min Capacity: 128M
 Heap Initial Capacity: 128M
 Heap Max Capacity: 1G
 Pre-touch: Disabled
 Parallel Workers: 13
 Concurrent Workers: 3
 Concurrent Refinement Workers: 13
 Periodic GC: Disabled

Heap:
 garbage-first heap   total 784384K, used 344215K [0x00000000c0000000, 0x0000000100000000)
  region size 1024K, 10 young (10240K), 7 survivors (7168K)
 Metaspace       used 461054K, committed 467584K, reserved 1507328K
  class space    used 58249K, committed 61056K, reserved 1048576K

Heap Regions: E=young(eden), S=young(survivor), O=old, HS=humongous(starts), HC=humongous(continues), CS=collection set, F=free, TAMS=top-at-mark-start, PB=parsable bottom
|   0|0x00000000c0000000, 0x00000000c0100000, 0x00000000c0100000|100%|HS|  |TAMS 0x00000000c0000000| PB 0x00000000c0000000| Complete 
|   1|0x00000000c0100000, 0x00000000c0200000, 0x00000000c0200000|100%|HS|  |TAMS 0x00000000c0100000| PB 0x00000000c0100000| Complete 
|   2|0x00000000c0200000, 0x00000000c0300000, 0x00000000c0300000|100%| O|  |TAMS 0x00000000c0200000| PB 0x00000000c0200000| Untracked 
|   3|0x00000000c0300000, 0x00000000c0400000, 0x00000000c0400000|100%|HS|  |TAMS 0x00000000c0300000| PB 0x00000000c0300000| Complete 
|   4|0x00000000c0400000, 0x00000000c0500000, 0x00000000c0500000|100%|HC|  |TAMS 0x00000000c0400000| PB 0x00000000c0400000| Complete 
|   5|0x00000000c0500000, 0x00000000c0600000, 0x00000000c0600000|100%|HS|  |TAMS 0x00000000c0500000| PB 0x00000000c0500000| Complete 
|   6|0x00000000c0600000, 0x00000000c0700000, 0x00000000c0700000|100%|HC|  |TAMS 0x00000000c0600000| PB 0x00000000c0600000| Complete 
|   7|0x00000000c0700000, 0x00000000c0800000, 0x00000000c0800000|100%|HS|  |TAMS 0x00000000c0700000| PB 0x00000000c0700000| Complete 
|   8|0x00000000c0800000, 0x00000000c0900000, 0x00000000c0900000|100%|HS|  |TAMS 0x00000000c0800000| PB 0x00000000c0800000| Complete 
|   9|0x00000000c0900000, 0x00000000c09fffb8, 0x00000000c0a00000| 99%| O|  |TAMS 0x00000000c0900000| PB 0x00000000c0900000| Untracked 
|  10|0x00000000c0a00000, 0x00000000c0afffd8, 0x00000000c0b00000| 99%| O|  |TAMS 0x00000000c0a00000| PB 0x00000000c0a00000| Untracked 
|  11|0x00000000c0b00000, 0x00000000c0bffff0, 0x00000000c0c00000| 99%| O|  |TAMS 0x00000000c0b00000| PB 0x00000000c0b00000| Untracked 
|  12|0x00000000c0c00000, 0x00000000c0cffe00, 0x00000000c0d00000| 99%| O|  |TAMS 0x00000000c0c00000| PB 0x00000000c0c00000| Untracked 
|  13|0x00000000c0d00000, 0x00000000c0dfffd0, 0x00000000c0e00000| 99%| O|  |TAMS 0x00000000c0d00000| PB 0x00000000c0d00000| Untracked 
|  14|0x00000000c0e00000, 0x00000000c0f00000, 0x00000000c0f00000|100%| O|  |TAMS 0x00000000c0e00000| PB 0x00000000c0e00000| Untracked 
|  15|0x00000000c0f00000, 0x00000000c0ffffb0, 0x00000000c1000000| 99%| O|  |TAMS 0x00000000c0f00000| PB 0x00000000c0f00000| Untracked 
|  16|0x00000000c1000000, 0x00000000c1100000, 0x00000000c1100000|100%| O|  |TAMS 0x00000000c1000000| PB 0x00000000c1000000| Untracked 
|  17|0x00000000c1100000, 0x00000000c11fffd8, 0x00000000c1200000| 99%| O|  |TAMS 0x00000000c1100000| PB 0x00000000c1100000| Untracked 
|  18|0x00000000c1200000, 0x00000000c1300000, 0x00000000c1300000|100%| O|  |TAMS 0x00000000c1200000| PB 0x00000000c1200000| Untracked 
|  19|0x00000000c1300000, 0x00000000c1400000, 0x00000000c1400000|100%|HS|  |TAMS 0x00000000c1300000| PB 0x00000000c1300000| Complete 
|  20|0x00000000c1400000, 0x00000000c1500000, 0x00000000c1500000|100%|HS|  |TAMS 0x00000000c1400000| PB 0x00000000c1400000| Complete 
|  21|0x00000000c1500000, 0x00000000c1600000, 0x00000000c1600000|100%|HS|  |TAMS 0x00000000c1500000| PB 0x00000000c1500000| Complete 
|  22|0x00000000c1600000, 0x00000000c1700000, 0x00000000c1700000|100%|HS|  |TAMS 0x00000000c1600000| PB 0x00000000c1600000| Complete 
|  23|0x00000000c1700000, 0x00000000c1800000, 0x00000000c1800000|100%|HS|  |TAMS 0x00000000c1700000| PB 0x00000000c1700000| Complete 
|  24|0x00000000c1800000, 0x00000000c1900000, 0x00000000c1900000|100%|HS|  |TAMS 0x00000000c1800000| PB 0x00000000c1800000| Complete 
|  25|0x00000000c1900000, 0x00000000c19fffe8, 0x00000000c1a00000| 99%| O|  |TAMS 0x00000000c1900000| PB 0x00000000c1900000| Untracked 
|  26|0x00000000c1a00000, 0x00000000c1afff18, 0x00000000c1b00000| 99%| O|  |TAMS 0x00000000c1a00000| PB 0x00000000c1a00000| Untracked 
|  27|0x00000000c1b00000, 0x00000000c1bfffe8, 0x00000000c1c00000| 99%| O|  |TAMS 0x00000000c1b00000| PB 0x00000000c1b00000| Untracked 
|  28|0x00000000c1c00000, 0x00000000c1d00000, 0x00000000c1d00000|100%| O|  |TAMS 0x00000000c1c00000| PB 0x00000000c1c00000| Untracked 
|  29|0x00000000c1d00000, 0x00000000c1e00000, 0x00000000c1e00000|100%| O|  |TAMS 0x00000000c1d00000| PB 0x00000000c1d00000| Untracked 
|  30|0x00000000c1e00000, 0x00000000c1f00000, 0x00000000c1f00000|100%| O|  |TAMS 0x00000000c1e00000| PB 0x00000000c1e00000| Untracked 
|  31|0x00000000c1f00000, 0x00000000c2000000, 0x00000000c2000000|100%| O|  |TAMS 0x00000000c1f00000| PB 0x00000000c1f00000| Untracked 
|  32|0x00000000c2000000, 0x00000000c2100000, 0x00000000c2100000|100%| O|  |TAMS 0x00000000c2000000| PB 0x00000000c2000000| Untracked 
|  33|0x00000000c2100000, 0x00000000c2200000, 0x00000000c2200000|100%| O|  |TAMS 0x00000000c2100000| PB 0x00000000c2100000| Untracked 
|  34|0x00000000c2200000, 0x00000000c2300000, 0x00000000c2300000|100%| O|  |TAMS 0x00000000c2200000| PB 0x00000000c2200000| Untracked 
|  35|0x00000000c2300000, 0x00000000c23fffd8, 0x00000000c2400000| 99%| O|  |TAMS 0x00000000c2300000| PB 0x00000000c2300000| Untracked 
|  36|0x00000000c2400000, 0x00000000c24ffcf8, 0x00000000c2500000| 99%| O|  |TAMS 0x00000000c2400000| PB 0x00000000c2400000| Untracked 
|  37|0x00000000c2500000, 0x00000000c25fffe0, 0x00000000c2600000| 99%| O|  |TAMS 0x00000000c2500000| PB 0x00000000c2500000| Untracked 
|  38|0x00000000c2600000, 0x00000000c26fffd8, 0x00000000c2700000| 99%| O|  |TAMS 0x00000000c2600000| PB 0x00000000c2600000| Untracked 
|  39|0x00000000c2700000, 0x00000000c27fffe8, 0x00000000c2800000| 99%| O|  |TAMS 0x00000000c2700000| PB 0x00000000c2700000| Untracked 
|  40|0x00000000c2800000, 0x00000000c2900000, 0x00000000c2900000|100%| O|  |TAMS 0x00000000c2800000| PB 0x00000000c2800000| Untracked 
|  41|0x00000000c2900000, 0x00000000c29fffe0, 0x00000000c2a00000| 99%| O|  |TAMS 0x00000000c2900000| PB 0x00000000c2900000| Untracked 
|  42|0x00000000c2a00000, 0x00000000c2afffd0, 0x00000000c2b00000| 99%| O|  |TAMS 0x00000000c2a00000| PB 0x00000000c2a00000| Untracked 
|  43|0x00000000c2b00000, 0x00000000c2c00000, 0x00000000c2c00000|100%| O|  |TAMS 0x00000000c2b00000| PB 0x00000000c2b00000| Untracked 
|  44|0x00000000c2c00000, 0x00000000c2cfff80, 0x00000000c2d00000| 99%| O|  |TAMS 0x00000000c2c00000| PB 0x00000000c2c00000| Untracked 
|  45|0x00000000c2d00000, 0x00000000c2dffff8, 0x00000000c2e00000| 99%| O|  |TAMS 0x00000000c2d00000| PB 0x00000000c2d00000| Untracked 
|  46|0x00000000c2e00000, 0x00000000c2f00000, 0x00000000c2f00000|100%| O|  |TAMS 0x00000000c2e00000| PB 0x00000000c2e00000| Untracked 
|  47|0x00000000c2f00000, 0x00000000c2ff81c8, 0x00000000c3000000| 96%| O|  |TAMS 0x00000000c2f00000| PB 0x00000000c2f00000| Untracked 
|  48|0x00000000c3000000, 0x00000000c30fffe0, 0x00000000c3100000| 99%| O|  |TAMS 0x00000000c3000000| PB 0x00000000c3000000| Untracked 
|  49|0x00000000c3100000, 0x00000000c31ffff0, 0x00000000c3200000| 99%| O|  |TAMS 0x00000000c3100000| PB 0x00000000c3100000| Untracked 
|  50|0x00000000c3200000, 0x00000000c32ffef0, 0x00000000c3300000| 99%| O|  |TAMS 0x00000000c3200000| PB 0x00000000c3200000| Untracked 
|  51|0x00000000c3300000, 0x00000000c33ffc38, 0x00000000c3400000| 99%| O|  |TAMS 0x00000000c3300000| PB 0x00000000c3300000| Untracked 
|  52|0x00000000c3400000, 0x00000000c3500000, 0x00000000c3500000|100%|HS|  |TAMS 0x00000000c3400000| PB 0x00000000c3400000| Complete 
|  53|0x00000000c3500000, 0x00000000c3600000, 0x00000000c3600000|100%|HS|  |TAMS 0x00000000c3500000| PB 0x00000000c3500000| Complete 
|  54|0x00000000c3600000, 0x00000000c3700000, 0x00000000c3700000|100%|HS|  |TAMS 0x00000000c3600000| PB 0x00000000c3600000| Complete 
|  55|0x00000000c3700000, 0x00000000c37ffff8, 0x00000000c3800000| 99%| O|  |TAMS 0x00000000c3700000| PB 0x00000000c3700000| Untracked 
|  56|0x00000000c3800000, 0x00000000c38fffc0, 0x00000000c3900000| 99%| O|  |TAMS 0x00000000c3800000| PB 0x00000000c3800000| Untracked 
|  57|0x00000000c3900000, 0x00000000c3a00000, 0x00000000c3a00000|100%| O|  |TAMS 0x00000000c3900000| PB 0x00000000c3900000| Untracked 
|  58|0x00000000c3a00000, 0x00000000c3affff8, 0x00000000c3b00000| 99%| O|  |TAMS 0x00000000c3a00000| PB 0x00000000c3a00000| Untracked 
|  59|0x00000000c3b00000, 0x00000000c3bffff0, 0x00000000c3c00000| 99%| O|  |TAMS 0x00000000c3b00000| PB 0x00000000c3b00000| Untracked 
|  60|0x00000000c3c00000, 0x00000000c3cfff38, 0x00000000c3d00000| 99%| O|  |TAMS 0x00000000c3c00000| PB 0x00000000c3c00000| Untracked 
|  61|0x00000000c3d00000, 0x00000000c3dff890, 0x00000000c3e00000| 99%| O|  |TAMS 0x00000000c3d00000| PB 0x00000000c3d00000| Untracked 
|  62|0x00000000c3e00000, 0x00000000c3efff98, 0x00000000c3f00000| 99%| O|  |TAMS 0x00000000c3e00000| PB 0x00000000c3e00000| Untracked 
|  63|0x00000000c3f00000, 0x00000000c3ffff00, 0x00000000c4000000| 99%| O|  |TAMS 0x00000000c3f00000| PB 0x00000000c3f00000| Untracked 
|  64|0x00000000c4000000, 0x00000000c40fffd0, 0x00000000c4100000| 99%| O|  |TAMS 0x00000000c4000000| PB 0x00000000c4000000| Untracked 
|  65|0x00000000c4100000, 0x00000000c41ffff8, 0x00000000c4200000| 99%| O|  |TAMS 0x00000000c4100000| PB 0x00000000c4100000| Untracked 
|  66|0x00000000c4200000, 0x00000000c42fffb8, 0x00000000c4300000| 99%| O|  |TAMS 0x00000000c4200000| PB 0x00000000c4200000| Untracked 
|  67|0x00000000c4300000, 0x00000000c4400000, 0x00000000c4400000|100%|HS|  |TAMS 0x00000000c4300000| PB 0x00000000c4300000| Complete 
|  68|0x00000000c4400000, 0x00000000c4500000, 0x00000000c4500000|100%|HS|  |TAMS 0x00000000c4400000| PB 0x00000000c4400000| Complete 
|  69|0x00000000c4500000, 0x00000000c45fffc8, 0x00000000c4600000| 99%| O|  |TAMS 0x00000000c4500000| PB 0x00000000c4500000| Untracked 
|  70|0x00000000c4600000, 0x00000000c46fffe8, 0x00000000c4700000| 99%| O|  |TAMS 0x00000000c4600000| PB 0x00000000c4600000| Untracked 
|  71|0x00000000c4700000, 0x00000000c47fffe8, 0x00000000c4800000| 99%| O|  |TAMS 0x00000000c4700000| PB 0x00000000c4700000| Untracked 
|  72|0x00000000c4800000, 0x00000000c4900000, 0x00000000c4900000|100%| O|  |TAMS 0x00000000c4800000| PB 0x00000000c4800000| Untracked 
|  73|0x00000000c4900000, 0x00000000c49ffff8, 0x00000000c4a00000| 99%| O|  |TAMS 0x00000000c4900000| PB 0x00000000c4900000| Untracked 
|  74|0x00000000c4a00000, 0x00000000c4b00000, 0x00000000c4b00000|100%|HS|  |TAMS 0x00000000c4a00000| PB 0x00000000c4a00000| Complete 
|  75|0x00000000c4b00000, 0x00000000c4c00000, 0x00000000c4c00000|100%|HC|  |TAMS 0x00000000c4b00000| PB 0x00000000c4b00000| Complete 
|  76|0x00000000c4c00000, 0x00000000c4d00000, 0x00000000c4d00000|100%|HC|  |TAMS 0x00000000c4c00000| PB 0x00000000c4c00000| Complete 
|  77|0x00000000c4d00000, 0x00000000c4e00000, 0x00000000c4e00000|100%|HC|  |TAMS 0x00000000c4d00000| PB 0x00000000c4d00000| Complete 
|  78|0x00000000c4e00000, 0x00000000c4f00000, 0x00000000c4f00000|100%|HC|  |TAMS 0x00000000c4e00000| PB 0x00000000c4e00000| Complete 
|  79|0x00000000c4f00000, 0x00000000c5000000, 0x00000000c5000000|100%| O|  |TAMS 0x00000000c4f00000| PB 0x00000000c4f00000| Untracked 
|  80|0x00000000c5000000, 0x00000000c50fffe0, 0x00000000c5100000| 99%| O|  |TAMS 0x00000000c5000000| PB 0x00000000c5000000| Untracked 
|  81|0x00000000c5100000, 0x00000000c5200000, 0x00000000c5200000|100%|HS|  |TAMS 0x00000000c5100000| PB 0x00000000c5100000| Complete 
|  82|0x00000000c5200000, 0x00000000c5300000, 0x00000000c5300000|100%| O|  |TAMS 0x00000000c5200000| PB 0x00000000c5200000| Untracked 
|  83|0x00000000c5300000, 0x00000000c5400000, 0x00000000c5400000|100%|HS|  |TAMS 0x00000000c5300000| PB 0x00000000c5300000| Complete 
|  84|0x00000000c5400000, 0x00000000c5500000, 0x00000000c5500000|100%|HC|  |TAMS 0x00000000c5400000| PB 0x00000000c5400000| Complete 
|  85|0x00000000c5500000, 0x00000000c5600000, 0x00000000c5600000|100%|HS|  |TAMS 0x00000000c5500000| PB 0x00000000c5500000| Complete 
|  86|0x00000000c5600000, 0x00000000c5700000, 0x00000000c5700000|100%|HC|  |TAMS 0x00000000c5600000| PB 0x00000000c5600000| Complete 
|  87|0x00000000c5700000, 0x00000000c57fffe0, 0x00000000c5800000| 99%| O|  |TAMS 0x00000000c5700000| PB 0x00000000c5700000| Untracked 
|  88|0x00000000c5800000, 0x00000000c5900000, 0x00000000c5900000|100%| O|  |TAMS 0x00000000c5800000| PB 0x00000000c5800000| Untracked 
|  89|0x00000000c5900000, 0x00000000c5a00000, 0x00000000c5a00000|100%| O|  |TAMS 0x00000000c5900000| PB 0x00000000c5900000| Untracked 
|  90|0x00000000c5a00000, 0x00000000c5b00000, 0x00000000c5b00000|100%| O|  |TAMS 0x00000000c5a00000| PB 0x00000000c5a00000| Untracked 
|  91|0x00000000c5b00000, 0x00000000c5c00000, 0x00000000c5c00000|100%| O|  |TAMS 0x00000000c5b00000| PB 0x00000000c5b00000| Untracked 
|  92|0x00000000c5c00000, 0x00000000c5cffff0, 0x00000000c5d00000| 99%| O|  |TAMS 0x00000000c5c00000| PB 0x00000000c5c00000| Untracked 
|  93|0x00000000c5d00000, 0x00000000c5df9580, 0x00000000c5e00000| 97%| O|  |TAMS 0x00000000c5d00000| PB 0x00000000c5d00000| Untracked 
|  94|0x00000000c5e00000, 0x00000000c5f00000, 0x00000000c5f00000|100%| O|  |TAMS 0x00000000c5e00000| PB 0x00000000c5e00000| Untracked 
|  95|0x00000000c5f00000, 0x00000000c5fffff0, 0x00000000c6000000| 99%| O|  |TAMS 0x00000000c5f00000| PB 0x00000000c5f00000| Untracked 
|  96|0x00000000c6000000, 0x00000000c60ffff8, 0x00000000c6100000| 99%| O|  |TAMS 0x00000000c6000000| PB 0x00000000c6000000| Untracked 
|  97|0x00000000c6100000, 0x00000000c61fffd0, 0x00000000c6200000| 99%| O|  |TAMS 0x00000000c6100000| PB 0x00000000c6100000| Untracked 
|  98|0x00000000c6200000, 0x00000000c6300000, 0x00000000c6300000|100%| O|  |TAMS 0x00000000c6200000| PB 0x00000000c6200000| Untracked 
|  99|0x00000000c6300000, 0x00000000c63ffff0, 0x00000000c6400000| 99%| O|  |TAMS 0x00000000c6300000| PB 0x00000000c6300000| Untracked 
| 100|0x00000000c6400000, 0x00000000c6500000, 0x00000000c6500000|100%| O|  |TAMS 0x00000000c6400000| PB 0x00000000c6400000| Untracked 
| 101|0x00000000c6500000, 0x00000000c65ffff0, 0x00000000c6600000| 99%| O|  |TAMS 0x00000000c6500000| PB 0x00000000c6500000| Untracked 
| 102|0x00000000c6600000, 0x00000000c6700000, 0x00000000c6700000|100%| O|  |TAMS 0x00000000c6600000| PB 0x00000000c6600000| Untracked 
| 103|0x00000000c6700000, 0x00000000c67fffe0, 0x00000000c6800000| 99%| O|  |TAMS 0x00000000c6700000| PB 0x00000000c6700000| Untracked 
| 104|0x00000000c6800000, 0x00000000c68fffb8, 0x00000000c6900000| 99%| O|  |TAMS 0x00000000c6800000| PB 0x00000000c6800000| Untracked 
| 105|0x00000000c6900000, 0x00000000c69f16a0, 0x00000000c6a00000| 94%| O|  |TAMS 0x00000000c6900000| PB 0x00000000c6900000| Untracked 
| 106|0x00000000c6a00000, 0x00000000c6afee58, 0x00000000c6b00000| 99%| O|  |TAMS 0x00000000c6a00000| PB 0x00000000c6a00000| Untracked 
| 107|0x00000000c6b00000, 0x00000000c6bfff70, 0x00000000c6c00000| 99%| O|  |TAMS 0x00000000c6b00000| PB 0x00000000c6b00000| Untracked 
| 108|0x00000000c6c00000, 0x00000000c6cfffb8, 0x00000000c6d00000| 99%| O|  |TAMS 0x00000000c6c00000| PB 0x00000000c6c00000| Untracked 
| 109|0x00000000c6d00000, 0x00000000c6dfbc30, 0x00000000c6e00000| 98%| O|  |TAMS 0x00000000c6d00000| PB 0x00000000c6d00000| Untracked 
| 110|0x00000000c6e00000, 0x00000000c6f00000, 0x00000000c6f00000|100%| O|  |TAMS 0x00000000c6e00000| PB 0x00000000c6e00000| Untracked 
| 111|0x00000000c6f00000, 0x00000000c7000000, 0x00000000c7000000|100%| O|  |TAMS 0x00000000c6f00000| PB 0x00000000c6f00000| Untracked 
| 112|0x00000000c7000000, 0x00000000c7100000, 0x00000000c7100000|100%| O|  |TAMS 0x00000000c7000000| PB 0x00000000c7000000| Untracked 
| 113|0x00000000c7100000, 0x00000000c71fff28, 0x00000000c7200000| 99%| O|  |TAMS 0x00000000c7100000| PB 0x00000000c7100000| Untracked 
| 114|0x00000000c7200000, 0x00000000c7300000, 0x00000000c7300000|100%| O|  |TAMS 0x00000000c7200000| PB 0x00000000c7200000| Untracked 
| 115|0x00000000c7300000, 0x00000000c73fffc8, 0x00000000c7400000| 99%| O|  |TAMS 0x00000000c7300000| PB 0x00000000c7300000| Untracked 
| 116|0x00000000c7400000, 0x00000000c74ffff0, 0x00000000c7500000| 99%| O|  |TAMS 0x00000000c7400000| PB 0x00000000c7400000| Untracked 
| 117|0x00000000c7500000, 0x00000000c75ffff0, 0x00000000c7600000| 99%| O|  |TAMS 0x00000000c7500000| PB 0x00000000c7500000| Untracked 
| 118|0x00000000c7600000, 0x00000000c76ffff0, 0x00000000c7700000| 99%| O|  |TAMS 0x00000000c7600000| PB 0x00000000c7600000| Untracked 
| 119|0x00000000c7700000, 0x00000000c77fffd0, 0x00000000c7800000| 99%| O|  |TAMS 0x00000000c7700000| PB 0x00000000c7700000| Untracked 
| 120|0x00000000c7800000, 0x00000000c78ffff8, 0x00000000c7900000| 99%| O|  |TAMS 0x00000000c7800000| PB 0x00000000c7800000| Untracked 
| 121|0x00000000c7900000, 0x00000000c79ffcd0, 0x00000000c7a00000| 99%| O|  |TAMS 0x00000000c7900000| PB 0x00000000c7900000| Untracked 
| 122|0x00000000c7a00000, 0x00000000c7affff8, 0x00000000c7b00000| 99%| O|  |TAMS 0x00000000c7a00000| PB 0x00000000c7a00000| Untracked 
| 123|0x00000000c7b00000, 0x00000000c7bfffd8, 0x00000000c7c00000| 99%| O|  |TAMS 0x00000000c7b00000| PB 0x00000000c7b00000| Untracked 
| 124|0x00000000c7c00000, 0x00000000c7cfffe8, 0x00000000c7d00000| 99%| O|  |TAMS 0x00000000c7c00000| PB 0x00000000c7c00000| Untracked 
| 125|0x00000000c7d00000, 0x00000000c7dfffa0, 0x00000000c7e00000| 99%| O|  |TAMS 0x00000000c7d00000| PB 0x00000000c7d00000| Untracked 
| 126|0x00000000c7e00000, 0x00000000c7efffe8, 0x00000000c7f00000| 99%| O|  |TAMS 0x00000000c7e00000| PB 0x00000000c7e00000| Untracked 
| 127|0x00000000c7f00000, 0x00000000c7ffffa8, 0x00000000c8000000| 99%| O|  |TAMS 0x00000000c7f00000| PB 0x00000000c7f00000| Untracked 
| 128|0x00000000c8000000, 0x00000000c8100000, 0x00000000c8100000|100%| O|  |TAMS 0x00000000c8000000| PB 0x00000000c8000000| Untracked 
| 129|0x00000000c8100000, 0x00000000c81fffd8, 0x00000000c8200000| 99%| O|  |TAMS 0x00000000c8100000| PB 0x00000000c8100000| Untracked 
| 130|0x00000000c8200000, 0x00000000c82ffff8, 0x00000000c8300000| 99%| O|  |TAMS 0x00000000c8200000| PB 0x00000000c8200000| Untracked 
| 131|0x00000000c8300000, 0x00000000c83ffff0, 0x00000000c8400000| 99%| O|  |TAMS 0x00000000c8300000| PB 0x00000000c8300000| Untracked 
| 132|0x00000000c8400000, 0x00000000c84fffe8, 0x00000000c8500000| 99%| O|  |TAMS 0x00000000c8400000| PB 0x00000000c8400000| Untracked 
| 133|0x00000000c8500000, 0x00000000c85ffff8, 0x00000000c8600000| 99%| O|  |TAMS 0x00000000c8500000| PB 0x00000000c8500000| Untracked 
| 134|0x00000000c8600000, 0x00000000c86fffb0, 0x00000000c8700000| 99%| O|  |TAMS 0x00000000c8600000| PB 0x00000000c8600000| Untracked 
| 135|0x00000000c8700000, 0x00000000c87ffff8, 0x00000000c8800000| 99%| O|  |TAMS 0x00000000c8700000| PB 0x00000000c8700000| Untracked 
| 136|0x00000000c8800000, 0x00000000c88fe650, 0x00000000c8900000| 99%| O|  |TAMS 0x00000000c8800000| PB 0x00000000c8800000| Untracked 
| 137|0x00000000c8900000, 0x00000000c8a00000, 0x00000000c8a00000|100%| O|  |TAMS 0x00000000c8900000| PB 0x00000000c8900000| Untracked 
| 138|0x00000000c8a00000, 0x00000000c8afffe8, 0x00000000c8b00000| 99%| O|  |TAMS 0x00000000c8a00000| PB 0x00000000c8a00000| Untracked 
| 139|0x00000000c8b00000, 0x00000000c8bffff8, 0x00000000c8c00000| 99%| O|  |TAMS 0x00000000c8b00000| PB 0x00000000c8b00000| Untracked 
| 140|0x00000000c8c00000, 0x00000000c8cfff68, 0x00000000c8d00000| 99%| O|  |TAMS 0x00000000c8c00000| PB 0x00000000c8c00000| Untracked 
| 141|0x00000000c8d00000, 0x00000000c8dffff8, 0x00000000c8e00000| 99%| O|  |TAMS 0x00000000c8d00000| PB 0x00000000c8d00000| Untracked 
| 142|0x00000000c8e00000, 0x00000000c8efffb8, 0x00000000c8f00000| 99%| O|  |TAMS 0x00000000c8e00000| PB 0x00000000c8e00000| Untracked 
| 143|0x00000000c8f00000, 0x00000000c8fff628, 0x00000000c9000000| 99%| O|  |TAMS 0x00000000c8f00000| PB 0x00000000c8f00000| Untracked 
| 144|0x00000000c9000000, 0x00000000c90fffe0, 0x00000000c9100000| 99%| O|  |TAMS 0x00000000c9000000| PB 0x00000000c9000000| Untracked 
| 145|0x00000000c9100000, 0x00000000c91ffff8, 0x00000000c9200000| 99%| O|  |TAMS 0x00000000c9100000| PB 0x00000000c9100000| Untracked 
| 146|0x00000000c9200000, 0x00000000c9300000, 0x00000000c9300000|100%| O|  |TAMS 0x00000000c9200000| PB 0x00000000c9200000| Untracked 
| 147|0x00000000c9300000, 0x00000000c93ffff8, 0x00000000c9400000| 99%| O|  |TAMS 0x00000000c9300000| PB 0x00000000c9300000| Untracked 
| 148|0x00000000c9400000, 0x00000000c9500000, 0x00000000c9500000|100%|HS|  |TAMS 0x00000000c9400000| PB 0x00000000c9400000| Complete 
| 149|0x00000000c9500000, 0x00000000c9600000, 0x00000000c9600000|100%|HC|  |TAMS 0x00000000c9500000| PB 0x00000000c9500000| Complete 
| 150|0x00000000c9600000, 0x00000000c9700000, 0x00000000c9700000|100%|HC|  |TAMS 0x00000000c9600000| PB 0x00000000c9600000| Complete 
| 151|0x00000000c9700000, 0x00000000c9800000, 0x00000000c9800000|100%|HC|  |TAMS 0x00000000c9700000| PB 0x00000000c9700000| Complete 
| 152|0x00000000c9800000, 0x00000000c9900000, 0x00000000c9900000|100%|HC|  |TAMS 0x00000000c9800000| PB 0x00000000c9800000| Complete 
| 153|0x00000000c9900000, 0x00000000c9a00000, 0x00000000c9a00000|100%|HC|  |TAMS 0x00000000c9900000| PB 0x00000000c9900000| Complete 
| 154|0x00000000c9a00000, 0x00000000c9b00000, 0x00000000c9b00000|100%|HC|  |TAMS 0x00000000c9a00000| PB 0x00000000c9a00000| Complete 
| 155|0x00000000c9b00000, 0x00000000c9c00000, 0x00000000c9c00000|100%|HC|  |TAMS 0x00000000c9b00000| PB 0x00000000c9b00000| Complete 
| 156|0x00000000c9c00000, 0x00000000c9cffff8, 0x00000000c9d00000| 99%| O|  |TAMS 0x00000000c9c00000| PB 0x00000000c9c00000| Untracked 
| 157|0x00000000c9d00000, 0x00000000c9dffff8, 0x00000000c9e00000| 99%| O|  |TAMS 0x00000000c9d00000| PB 0x00000000c9d00000| Untracked 
| 158|0x00000000c9e00000, 0x00000000c9effff0, 0x00000000c9f00000| 99%| O|  |TAMS 0x00000000c9e00000| PB 0x00000000c9e00000| Untracked 
| 159|0x00000000c9f00000, 0x00000000c9ffffd0, 0x00000000ca000000| 99%| O|  |TAMS 0x00000000c9f00000| PB 0x00000000c9f00000| Untracked 
| 160|0x00000000ca000000, 0x00000000ca0ff818, 0x00000000ca100000| 99%| O|  |TAMS 0x00000000ca000000| PB 0x00000000ca000000| Untracked 
| 161|0x00000000ca100000, 0x00000000ca1ffff8, 0x00000000ca200000| 99%| O|  |TAMS 0x00000000ca100000| PB 0x00000000ca100000| Untracked 
| 162|0x00000000ca200000, 0x00000000ca2ffff8, 0x00000000ca300000| 99%| O|  |TAMS 0x00000000ca200000| PB 0x00000000ca200000| Untracked 
| 163|0x00000000ca300000, 0x00000000ca3ffff8, 0x00000000ca400000| 99%| O|  |TAMS 0x00000000ca300000| PB 0x00000000ca300000| Untracked 
| 164|0x00000000ca400000, 0x00000000ca500000, 0x00000000ca500000|100%| O|  |TAMS 0x00000000ca400000| PB 0x00000000ca400000| Untracked 
| 165|0x00000000ca500000, 0x00000000ca5fe1e8, 0x00000000ca600000| 99%| O|  |TAMS 0x00000000ca500000| PB 0x00000000ca500000| Untracked 
| 166|0x00000000ca600000, 0x00000000ca6ffff8, 0x00000000ca700000| 99%| O|  |TAMS 0x00000000ca600000| PB 0x00000000ca600000| Untracked 
| 167|0x00000000ca700000, 0x00000000ca800000, 0x00000000ca800000|100%| O|  |TAMS 0x00000000ca700000| PB 0x00000000ca700000| Untracked 
| 168|0x00000000ca800000, 0x00000000ca8ffff0, 0x00000000ca900000| 99%| O|  |TAMS 0x00000000ca800000| PB 0x00000000ca800000| Untracked 
| 169|0x00000000ca900000, 0x00000000caa00000, 0x00000000caa00000|100%| O|  |TAMS 0x00000000ca900000| PB 0x00000000ca900000| Untracked 
| 170|0x00000000caa00000, 0x00000000caaffff0, 0x00000000cab00000| 99%| O|  |TAMS 0x00000000caa00000| PB 0x00000000caa00000| Untracked 
| 171|0x00000000cab00000, 0x00000000cac00000, 0x00000000cac00000|100%| O|  |TAMS 0x00000000cab00000| PB 0x00000000cab00000| Untracked 
| 172|0x00000000cac00000, 0x00000000cacffed0, 0x00000000cad00000| 99%| O|  |TAMS 0x00000000cac00000| PB 0x00000000cac00000| Untracked 
| 173|0x00000000cad00000, 0x00000000cadffff8, 0x00000000cae00000| 99%| O|  |TAMS 0x00000000cad00000| PB 0x00000000cad00000| Untracked 
| 174|0x00000000cae00000, 0x00000000caeffff0, 0x00000000caf00000| 99%| O|  |TAMS 0x00000000cae00000| PB 0x00000000cae00000| Untracked 
| 175|0x00000000caf00000, 0x00000000cafff9c8, 0x00000000cb000000| 99%| O|  |TAMS 0x00000000caf00000| PB 0x00000000caf00000| Untracked 
| 176|0x00000000cb000000, 0x00000000cb0ffff8, 0x00000000cb100000| 99%| O|  |TAMS 0x00000000cb000000| PB 0x00000000cb000000| Untracked 
| 177|0x00000000cb100000, 0x00000000cb1fffe8, 0x00000000cb200000| 99%| O|  |TAMS 0x00000000cb100000| PB 0x00000000cb100000| Untracked 
| 178|0x00000000cb200000, 0x00000000cb2fff98, 0x00000000cb300000| 99%| O|  |TAMS 0x00000000cb200000| PB 0x00000000cb200000| Untracked 
| 179|0x00000000cb300000, 0x00000000cb3fad58, 0x00000000cb400000| 97%| O|  |TAMS 0x00000000cb300000| PB 0x00000000cb300000| Untracked 
| 180|0x00000000cb400000, 0x00000000cb4ffff8, 0x00000000cb500000| 99%| O|  |TAMS 0x00000000cb400000| PB 0x00000000cb400000| Untracked 
| 181|0x00000000cb500000, 0x00000000cb600000, 0x00000000cb600000|100%| O|  |TAMS 0x00000000cb500000| PB 0x00000000cb500000| Untracked 
| 182|0x00000000cb600000, 0x00000000cb6fffe8, 0x00000000cb700000| 99%| O|  |TAMS 0x00000000cb600000| PB 0x00000000cb600000| Untracked 
| 183|0x00000000cb700000, 0x00000000cb800000, 0x00000000cb800000|100%| O|  |TAMS 0x00000000cb700000| PB 0x00000000cb700000| Untracked 
| 184|0x00000000cb800000, 0x00000000cb8fff60, 0x00000000cb900000| 99%| O|  |TAMS 0x00000000cb800000| PB 0x00000000cb800000| Untracked 
| 185|0x00000000cb900000, 0x00000000cb9fffe8, 0x00000000cba00000| 99%| O|  |TAMS 0x00000000cb900000| PB 0x00000000cb900000| Untracked 
| 186|0x00000000cba00000, 0x00000000cbaffff8, 0x00000000cbb00000| 99%| O|  |TAMS 0x00000000cba00000| PB 0x00000000cba00000| Untracked 
| 187|0x00000000cbb00000, 0x00000000cbbffff8, 0x00000000cbc00000| 99%| O|  |TAMS 0x00000000cbb00000| PB 0x00000000cbb00000| Untracked 
| 188|0x00000000cbc00000, 0x00000000cbcff188, 0x00000000cbd00000| 99%| O|  |TAMS 0x00000000cbc00000| PB 0x00000000cbc00000| Untracked 
| 189|0x00000000cbd00000, 0x00000000cbdfffe8, 0x00000000cbe00000| 99%| O|  |TAMS 0x00000000cbd00000| PB 0x00000000cbd00000| Untracked 
| 190|0x00000000cbe00000, 0x00000000cbeffff8, 0x00000000cbf00000| 99%| O|  |TAMS 0x00000000cbe00000| PB 0x00000000cbe00000| Untracked 
| 191|0x00000000cbf00000, 0x00000000cbffffe8, 0x00000000cc000000| 99%| O|  |TAMS 0x00000000cbf00000| PB 0x00000000cbf00000| Untracked 
| 192|0x00000000cc000000, 0x00000000cc100000, 0x00000000cc100000|100%| O|  |TAMS 0x00000000cc000000| PB 0x00000000cc000000| Untracked 
| 193|0x00000000cc100000, 0x00000000cc1ffe60, 0x00000000cc200000| 99%| O|  |TAMS 0x00000000cc100000| PB 0x00000000cc100000| Untracked 
| 194|0x00000000cc200000, 0x00000000cc300000, 0x00000000cc300000|100%| O|  |TAMS 0x00000000cc200000| PB 0x00000000cc200000| Untracked 
| 195|0x00000000cc300000, 0x00000000cc3fffe0, 0x00000000cc400000| 99%| O|  |TAMS 0x00000000cc300000| PB 0x00000000cc300000| Untracked 
| 196|0x00000000cc400000, 0x00000000cc4fe888, 0x00000000cc500000| 99%| O|  |TAMS 0x00000000cc400000| PB 0x00000000cc400000| Untracked 
| 197|0x00000000cc500000, 0x00000000cc5fffe8, 0x00000000cc600000| 99%| O|  |TAMS 0x00000000cc500000| PB 0x00000000cc500000| Untracked 
| 198|0x00000000cc600000, 0x00000000cc6ffd80, 0x00000000cc700000| 99%| O|  |TAMS 0x00000000cc600000| PB 0x00000000cc600000| Untracked 
| 199|0x00000000cc700000, 0x00000000cc7fffe8, 0x00000000cc800000| 99%| O|  |TAMS 0x00000000cc700000| PB 0x00000000cc700000| Untracked 
| 200|0x00000000cc800000, 0x00000000cc900000, 0x00000000cc900000|100%| O|  |TAMS 0x00000000cc800000| PB 0x00000000cc800000| Untracked 
| 201|0x00000000cc900000, 0x00000000cca00000, 0x00000000cca00000|100%| O|  |TAMS 0x00000000cc900000| PB 0x00000000cc900000| Untracked 
| 202|0x00000000cca00000, 0x00000000ccafff40, 0x00000000ccb00000| 99%| O|  |TAMS 0x00000000cca00000| PB 0x00000000cca00000| Untracked 
| 203|0x00000000ccb00000, 0x00000000ccbf2e20, 0x00000000ccc00000| 94%| O|  |TAMS 0x00000000ccb00000| PB 0x00000000ccb00000| Untracked 
| 204|0x00000000ccc00000, 0x00000000cccfffe8, 0x00000000ccd00000| 99%| O|  |TAMS 0x00000000ccc00000| PB 0x00000000ccc00000| Untracked 
| 205|0x00000000ccd00000, 0x00000000ccdfc6a8, 0x00000000cce00000| 98%| O|  |TAMS 0x00000000ccd00000| PB 0x00000000ccd00000| Untracked 
| 206|0x00000000cce00000, 0x00000000ccefffe0, 0x00000000ccf00000| 99%| O|  |TAMS 0x00000000cce00000| PB 0x00000000cce00000| Untracked 
| 207|0x00000000ccf00000, 0x00000000ccffffe0, 0x00000000cd000000| 99%| O|  |TAMS 0x00000000ccf00000| PB 0x00000000ccf00000| Untracked 
| 208|0x00000000cd000000, 0x00000000cd0fffd8, 0x00000000cd100000| 99%| O|  |TAMS 0x00000000cd000000| PB 0x00000000cd000000| Untracked 
| 209|0x00000000cd100000, 0x00000000cd1ffff8, 0x00000000cd200000| 99%| O|  |TAMS 0x00000000cd100000| PB 0x00000000cd100000| Untracked 
| 210|0x00000000cd200000, 0x00000000cd2ffff8, 0x00000000cd300000| 99%| O|  |TAMS 0x00000000cd200000| PB 0x00000000cd200000| Untracked 
| 211|0x00000000cd300000, 0x00000000cd400000, 0x00000000cd400000|100%| O|  |TAMS 0x00000000cd300000| PB 0x00000000cd300000| Untracked 
| 212|0x00000000cd400000, 0x00000000cd4fffe8, 0x00000000cd500000| 99%| O|  |TAMS 0x00000000cd400000| PB 0x00000000cd400000| Untracked 
| 213|0x00000000cd500000, 0x00000000cd600000, 0x00000000cd600000|100%| O|  |TAMS 0x00000000cd500000| PB 0x00000000cd500000| Untracked 
| 214|0x00000000cd600000, 0x00000000cd6fbce8, 0x00000000cd700000| 98%| O|  |TAMS 0x00000000cd600000| PB 0x00000000cd600000| Untracked 
| 215|0x00000000cd700000, 0x00000000cd7ffff8, 0x00000000cd800000| 99%| O|  |TAMS 0x00000000cd700000| PB 0x00000000cd700000| Untracked 
| 216|0x00000000cd800000, 0x00000000cd8ffff8, 0x00000000cd900000| 99%| O|  |TAMS 0x00000000cd800000| PB 0x00000000cd800000| Untracked 
| 217|0x00000000cd900000, 0x00000000cd9fffc8, 0x00000000cda00000| 99%| O|  |TAMS 0x00000000cd900000| PB 0x00000000cd900000| Untracked 
| 218|0x00000000cda00000, 0x00000000cdaffff0, 0x00000000cdb00000| 99%| O|  |TAMS 0x00000000cda00000| PB 0x00000000cda00000| Untracked 
| 219|0x00000000cdb00000, 0x00000000cdbffff8, 0x00000000cdc00000| 99%| O|  |TAMS 0x00000000cdb00000| PB 0x00000000cdb00000| Untracked 
| 220|0x00000000cdc00000, 0x00000000cdd00000, 0x00000000cdd00000|100%| O|  |TAMS 0x00000000cdc00000| PB 0x00000000cdc00000| Untracked 
| 221|0x00000000cdd00000, 0x00000000cddffff0, 0x00000000cde00000| 99%| O|  |TAMS 0x00000000cdd00000| PB 0x00000000cdd00000| Untracked 
| 222|0x00000000cde00000, 0x00000000cdf00000, 0x00000000cdf00000|100%| O|  |TAMS 0x00000000cde00000| PB 0x00000000cde00000| Untracked 
| 223|0x00000000cdf00000, 0x00000000cdfffff0, 0x00000000ce000000| 99%| O|  |TAMS 0x00000000cdf00000| PB 0x00000000cdf00000| Untracked 
| 224|0x00000000ce000000, 0x00000000ce100000, 0x00000000ce100000|100%| O|  |TAMS 0x00000000ce000000| PB 0x00000000ce000000| Untracked 
| 225|0x00000000ce100000, 0x00000000ce1fffe0, 0x00000000ce200000| 99%| O|  |TAMS 0x00000000ce100000| PB 0x00000000ce100000| Untracked 
| 226|0x00000000ce200000, 0x00000000ce2fffe8, 0x00000000ce300000| 99%| O|  |TAMS 0x00000000ce200000| PB 0x00000000ce200000| Untracked 
| 227|0x00000000ce300000, 0x00000000ce3ffff0, 0x00000000ce400000| 99%| O|  |TAMS 0x00000000ce300000| PB 0x00000000ce300000| Untracked 
| 228|0x00000000ce400000, 0x00000000ce4ffff8, 0x00000000ce500000| 99%| O|  |TAMS 0x00000000ce400000| PB 0x00000000ce400000| Untracked 
| 229|0x00000000ce500000, 0x00000000ce5fffc8, 0x00000000ce600000| 99%| O|  |TAMS 0x00000000ce500000| PB 0x00000000ce500000| Untracked 
| 230|0x00000000ce600000, 0x00000000ce700000, 0x00000000ce700000|100%| O|  |TAMS 0x00000000ce600000| PB 0x00000000ce600000| Untracked 
| 231|0x00000000ce700000, 0x00000000ce7ffff8, 0x00000000ce800000| 99%| O|  |TAMS 0x00000000ce700000| PB 0x00000000ce700000| Untracked 
| 232|0x00000000ce800000, 0x00000000ce8ffff8, 0x00000000ce900000| 99%| O|  |TAMS 0x00000000ce800000| PB 0x00000000ce800000| Untracked 
| 233|0x00000000ce900000, 0x00000000ce9ffff0, 0x00000000cea00000| 99%| O|  |TAMS 0x00000000ce900000| PB 0x00000000ce900000| Untracked 
| 234|0x00000000cea00000, 0x00000000ceb00000, 0x00000000ceb00000|100%| O|  |TAMS 0x00000000cea00000| PB 0x00000000cea00000| Untracked 
| 235|0x00000000ceb00000, 0x00000000cebfffb8, 0x00000000cec00000| 99%| O|  |TAMS 0x00000000ceb00000| PB 0x00000000ceb00000| Untracked 
| 236|0x00000000cec00000, 0x00000000cecfd600, 0x00000000ced00000| 98%| O|  |TAMS 0x00000000cec00000| PB 0x00000000cec00000| Untracked 
| 237|0x00000000ced00000, 0x00000000cedfffd8, 0x00000000cee00000| 99%| O|  |TAMS 0x00000000ced00000| PB 0x00000000ced00000| Untracked 
| 238|0x00000000cee00000, 0x00000000ceefffe8, 0x00000000cef00000| 99%| O|  |TAMS 0x00000000cee00000| PB 0x00000000cee00000| Untracked 
| 239|0x00000000cef00000, 0x00000000ceffd608, 0x00000000cf000000| 98%| O|  |TAMS 0x00000000cef00000| PB 0x00000000cef00000| Untracked 
| 240|0x00000000cf000000, 0x00000000cf100000, 0x00000000cf100000|100%|HS|  |TAMS 0x00000000cf000000| PB 0x00000000cf000000| Complete 
| 241|0x00000000cf100000, 0x00000000cf200000, 0x00000000cf200000|100%|HC|  |TAMS 0x00000000cf100000| PB 0x00000000cf100000| Complete 
| 242|0x00000000cf200000, 0x00000000cf300000, 0x00000000cf300000|100%| O|  |TAMS 0x00000000cf200000| PB 0x00000000cf200000| Untracked 
| 243|0x00000000cf300000, 0x00000000cf3fffe0, 0x00000000cf400000| 99%| O|  |TAMS 0x00000000cf300000| PB 0x00000000cf300000| Untracked 
| 244|0x00000000cf400000, 0x00000000cf4fffe0, 0x00000000cf500000| 99%| O|  |TAMS 0x00000000cf400000| PB 0x00000000cf400000| Untracked 
| 245|0x00000000cf500000, 0x00000000cf600000, 0x00000000cf600000|100%|HS|  |TAMS 0x00000000cf500000| PB 0x00000000cf500000| Complete 
| 246|0x00000000cf600000, 0x00000000cf700000, 0x00000000cf700000|100%| O|  |TAMS 0x00000000cf600000| PB 0x00000000cf600000| Untracked 
| 247|0x00000000cf700000, 0x00000000cf7ffff0, 0x00000000cf800000| 99%| O|  |TAMS 0x00000000cf700000| PB 0x00000000cf700000| Untracked 
| 248|0x00000000cf800000, 0x00000000cf8fffc8, 0x00000000cf900000| 99%| O|  |TAMS 0x00000000cf800000| PB 0x00000000cf800000| Untracked 
| 249|0x00000000cf900000, 0x00000000cfa00000, 0x00000000cfa00000|100%| O|  |TAMS 0x00000000cf900000| PB 0x00000000cf900000| Untracked 
| 250|0x00000000cfa00000, 0x00000000cfafffe0, 0x00000000cfb00000| 99%| O|  |TAMS 0x00000000cfa00000| PB 0x00000000cfa00000| Untracked 
| 251|0x00000000cfb00000, 0x00000000cfc00000, 0x00000000cfc00000|100%| O|  |TAMS 0x00000000cfb00000| PB 0x00000000cfb00000| Untracked 
| 252|0x00000000cfc00000, 0x00000000cfd00000, 0x00000000cfd00000|100%|HS|  |TAMS 0x00000000cfc00000| PB 0x00000000cfc00000| Complete 
| 253|0x00000000cfd00000, 0x00000000cfe00000, 0x00000000cfe00000|100%|HC|  |TAMS 0x00000000cfd00000| PB 0x00000000cfd00000| Complete 
| 254|0x00000000cfe00000, 0x00000000cff00000, 0x00000000cff00000|100%| O|  |TAMS 0x00000000cfe00000| PB 0x00000000cfe00000| Untracked 
| 255|0x00000000cff00000, 0x00000000d0000000, 0x00000000d0000000|100%|HS|  |TAMS 0x00000000cff00000| PB 0x00000000cff00000| Complete 
| 256|0x00000000d0000000, 0x00000000d0100000, 0x00000000d0100000|100%| O|  |TAMS 0x00000000d0000000| PB 0x00000000d0000000| Untracked 
| 257|0x00000000d0100000, 0x00000000d0200000, 0x00000000d0200000|100%|HS|  |TAMS 0x00000000d0100000| PB 0x00000000d0100000| Complete 
| 258|0x00000000d0200000, 0x00000000d0300000, 0x00000000d0300000|100%|HC|  |TAMS 0x00000000d0200000| PB 0x00000000d0200000| Complete 
| 259|0x00000000d0300000, 0x00000000d0400000, 0x00000000d0400000|100%|HC|  |TAMS 0x00000000d0300000| PB 0x00000000d0300000| Complete 
| 260|0x00000000d0400000, 0x00000000d0500000, 0x00000000d0500000|100%|HS|  |TAMS 0x00000000d0400000| PB 0x00000000d0400000| Complete 
| 261|0x00000000d0500000, 0x00000000d05ffff8, 0x00000000d0600000| 99%| O|  |TAMS 0x00000000d0500000| PB 0x00000000d0500000| Untracked 
| 262|0x00000000d0600000, 0x00000000d0700000, 0x00000000d0700000|100%| O|  |TAMS 0x00000000d0600000| PB 0x00000000d0600000| Untracked 
| 263|0x00000000d0700000, 0x00000000d07fffe8, 0x00000000d0800000| 99%| O|  |TAMS 0x00000000d0700000| PB 0x00000000d0700000| Untracked 
| 264|0x00000000d0800000, 0x00000000d0900000, 0x00000000d0900000|100%|HS|  |TAMS 0x00000000d0800000| PB 0x00000000d0800000| Complete 
| 265|0x00000000d0900000, 0x00000000d0a00000, 0x00000000d0a00000|100%|HC|  |TAMS 0x00000000d0900000| PB 0x00000000d0900000| Complete 
| 266|0x00000000d0a00000, 0x00000000d0b00000, 0x00000000d0b00000|100%|HS|  |TAMS 0x00000000d0a00000| PB 0x00000000d0a00000| Complete 
| 267|0x00000000d0b00000, 0x00000000d0c00000, 0x00000000d0c00000|100%|HC|  |TAMS 0x00000000d0b00000| PB 0x00000000d0b00000| Complete 
| 268|0x00000000d0c00000, 0x00000000d0d00000, 0x00000000d0d00000|100%|HS|  |TAMS 0x00000000d0c00000| PB 0x00000000d0c00000| Complete 
| 269|0x00000000d0d00000, 0x00000000d0dfffe8, 0x00000000d0e00000| 99%| O|  |TAMS 0x00000000d0d00000| PB 0x00000000d0d00000| Untracked 
| 270|0x00000000d0e00000, 0x00000000d0efffd8, 0x00000000d0f00000| 99%| O|  |TAMS 0x00000000d0e00000| PB 0x00000000d0e00000| Untracked 
| 271|0x00000000d0f00000, 0x00000000d0ffffe8, 0x00000000d1000000| 99%| O|  |TAMS 0x00000000d0f00000| PB 0x00000000d0f00000| Untracked 
| 272|0x00000000d1000000, 0x00000000d10ffff8, 0x00000000d1100000| 99%| O|  |TAMS 0x00000000d1000000| PB 0x00000000d1000000| Untracked 
| 273|0x00000000d1100000, 0x00000000d11fffe8, 0x00000000d1200000| 99%| O|Cm|TAMS 0x00000000d1100000| PB 0x00000000d1100000| Complete 
| 274|0x00000000d1200000, 0x00000000d12ffff0, 0x00000000d1300000| 99%| O|Cm|TAMS 0x00000000d1200000| PB 0x00000000d1200000| Complete 
| 275|0x00000000d1300000, 0x00000000d13ffff8, 0x00000000d1400000| 99%| O|  |TAMS 0x00000000d1300000| PB 0x00000000d1300000| Untracked 
| 276|0x00000000d1400000, 0x00000000d14fffd8, 0x00000000d1500000| 99%| O|  |TAMS 0x00000000d1400000| PB 0x00000000d1400000| Untracked 
| 277|0x00000000d1500000, 0x00000000d1600000, 0x00000000d1600000|100%|HS|  |TAMS 0x00000000d1500000| PB 0x00000000d1500000| Complete 
| 278|0x00000000d1600000, 0x00000000d1700000, 0x00000000d1700000|100%|HC|  |TAMS 0x00000000d1600000| PB 0x00000000d1600000| Complete 
| 279|0x00000000d1700000, 0x00000000d1800000, 0x00000000d1800000|100%|HC|  |TAMS 0x00000000d1700000| PB 0x00000000d1700000| Complete 
| 280|0x00000000d1800000, 0x00000000d1900000, 0x00000000d1900000|100%|HC|  |TAMS 0x00000000d1800000| PB 0x00000000d1800000| Complete 
| 281|0x00000000d1900000, 0x00000000d1a00000, 0x00000000d1a00000|100%|HC|  |TAMS 0x00000000d1900000| PB 0x00000000d1900000| Complete 
| 282|0x00000000d1a00000, 0x00000000d1b00000, 0x00000000d1b00000|100%|HC|  |TAMS 0x00000000d1a00000| PB 0x00000000d1a00000| Complete 
| 283|0x00000000d1b00000, 0x00000000d1bf8ac0, 0x00000000d1c00000| 97%| O|  |TAMS 0x00000000d1b00000| PB 0x00000000d1b00000| Untracked 
| 284|0x00000000d1c00000, 0x00000000d1cfffc0, 0x00000000d1d00000| 99%| O|  |TAMS 0x00000000d1c00000| PB 0x00000000d1c00000| Untracked 
| 285|0x00000000d1d00000, 0x00000000d1dfffb0, 0x00000000d1e00000| 99%| O|  |TAMS 0x00000000d1d00000| PB 0x00000000d1d00000| Untracked 
| 286|0x00000000d1e00000, 0x00000000d1effff8, 0x00000000d1f00000| 99%| O|  |TAMS 0x00000000d1e00000| PB 0x00000000d1e00000| Untracked 
| 287|0x00000000d1f00000, 0x00000000d1fff028, 0x00000000d2000000| 99%| O|  |TAMS 0x00000000d1f00000| PB 0x00000000d1f00000| Untracked 
| 288|0x00000000d2000000, 0x00000000d20fffe0, 0x00000000d2100000| 99%| O|  |TAMS 0x00000000d2000000| PB 0x00000000d2000000| Untracked 
| 289|0x00000000d2100000, 0x00000000d2200000, 0x00000000d2200000|100%| O|  |TAMS 0x00000000d2100000| PB 0x00000000d2100000| Untracked 
| 290|0x00000000d2200000, 0x00000000d22ffff0, 0x00000000d2300000| 99%| O|Cm|TAMS 0x00000000d2200000| PB 0x00000000d2200000| Complete 
| 291|0x00000000d2300000, 0x00000000d2400000, 0x00000000d2400000|100%|HS|  |TAMS 0x00000000d2300000| PB 0x00000000d2300000| Complete 
| 292|0x00000000d2400000, 0x00000000d2500000, 0x00000000d2500000|100%|HC|  |TAMS 0x00000000d2400000| PB 0x00000000d2400000| Complete 
| 293|0x00000000d2500000, 0x00000000d2600000, 0x00000000d2600000|100%| O|  |TAMS 0x00000000d2500000| PB 0x00000000d2500000| Untracked 
| 294|0x00000000d2600000, 0x00000000d26ffff8, 0x00000000d2700000| 99%| O|Cm|TAMS 0x00000000d2600000| PB 0x00000000d2600000| Complete 
| 295|0x00000000d2700000, 0x00000000d27c7b10, 0x00000000d2800000| 78%| O|Cm|TAMS 0x00000000d2700000| PB 0x00000000d2700000| Complete 
| 296|0x00000000d2800000, 0x00000000d2900000, 0x00000000d2900000|100%|HS|  |TAMS 0x00000000d2800000| PB 0x00000000d2800000| Complete 
| 297|0x00000000d2900000, 0x00000000d2a00000, 0x00000000d2a00000|100%|HC|  |TAMS 0x00000000d2900000| PB 0x00000000d2900000| Complete 
| 298|0x00000000d2a00000, 0x00000000d2affff0, 0x00000000d2b00000| 99%| O|Cm|TAMS 0x00000000d2a00000| PB 0x00000000d2a00000| Complete 
| 299|0x00000000d2b00000, 0x00000000d2bfbd90, 0x00000000d2c00000| 98%| O|  |TAMS 0x00000000d2b00000| PB 0x00000000d2b00000| Untracked 
| 300|0x00000000d2c00000, 0x00000000d2ce6d30, 0x00000000d2d00000| 90%| O|  |TAMS 0x00000000d2c00000| PB 0x00000000d2c00000| Untracked 
| 301|0x00000000d2d00000, 0x00000000d2dde530, 0x00000000d2e00000| 86%| O|  |TAMS 0x00000000d2d00000| PB 0x00000000d2d00000| Untracked 
| 302|0x00000000d2e00000, 0x00000000d2ea9a58, 0x00000000d2f00000| 66%| O|  |TAMS 0x00000000d2e00000| PB 0x00000000d2e00000| Untracked 
| 303|0x00000000d2f00000, 0x00000000d2fee680, 0x00000000d3000000| 93%| O|  |TAMS 0x00000000d2f00000| PB 0x00000000d2f00000| Untracked 
| 304|0x00000000d3000000, 0x00000000d30401f8, 0x00000000d3100000| 25%| O|  |TAMS 0x00000000d3000000| PB 0x00000000d3000000| Untracked 
| 305|0x00000000d3100000, 0x00000000d31fffe0, 0x00000000d3200000| 99%| O|  |TAMS 0x00000000d3100000| PB 0x00000000d3100000| Untracked 
| 306|0x00000000d3200000, 0x00000000d32ff090, 0x00000000d3300000| 99%| O|  |TAMS 0x00000000d3200000| PB 0x00000000d3200000| Untracked 
| 307|0x00000000d3300000, 0x00000000d33c16a0, 0x00000000d3400000| 75%| O|  |TAMS 0x00000000d3300000| PB 0x00000000d3300000| Untracked 
| 308|0x00000000d3400000, 0x00000000d34f1418, 0x00000000d3500000| 94%| O|  |TAMS 0x00000000d3400000| PB 0x00000000d3400000| Untracked 
| 309|0x00000000d3500000, 0x00000000d35cc660, 0x00000000d3600000| 79%| O|  |TAMS 0x00000000d3500000| PB 0x00000000d3500000| Untracked 
| 310|0x00000000d3600000, 0x00000000d36fff88, 0x00000000d3700000| 99%| O|  |TAMS 0x00000000d3600000| PB 0x00000000d3600000| Untracked 
| 311|0x00000000d3700000, 0x00000000d37707e8, 0x00000000d3800000| 43%| O|  |TAMS 0x00000000d3700000| PB 0x00000000d3700000| Untracked 
| 312|0x00000000d3800000, 0x00000000d3862560, 0x00000000d3900000| 38%| O|  |TAMS 0x00000000d3800000| PB 0x00000000d3800000| Untracked 
| 313|0x00000000d3900000, 0x00000000d3900000, 0x00000000d3a00000|  0%| F|  |TAMS 0x00000000d3900000| PB 0x00000000d3900000| Untracked 
| 314|0x00000000d3a00000, 0x00000000d3a00000, 0x00000000d3b00000|  0%| F|  |TAMS 0x00000000d3a00000| PB 0x00000000d3a00000| Untracked 
| 315|0x00000000d3b00000, 0x00000000d3b00000, 0x00000000d3c00000|  0%| F|  |TAMS 0x00000000d3b00000| PB 0x00000000d3b00000| Untracked 
| 316|0x00000000d3c00000, 0x00000000d3c00000, 0x00000000d3d00000|  0%| F|  |TAMS 0x00000000d3c00000| PB 0x00000000d3c00000| Untracked 
| 317|0x00000000d3d00000, 0x00000000d3d00000, 0x00000000d3e00000|  0%| F|  |TAMS 0x00000000d3d00000| PB 0x00000000d3d00000| Untracked 
| 318|0x00000000d3e00000, 0x00000000d3e76428, 0x00000000d3f00000| 46%| O|  |TAMS 0x00000000d3e00000| PB 0x00000000d3e00000| Untracked 
| 319|0x00000000d3f00000, 0x00000000d3f2a040, 0x00000000d4000000| 16%| O|  |TAMS 0x00000000d3f00000| PB 0x00000000d3f00000| Untracked 
| 320|0x00000000d4000000, 0x00000000d4000000, 0x00000000d4100000|  0%| F|  |TAMS 0x00000000d4000000| PB 0x00000000d4000000| Untracked 
| 321|0x00000000d4100000, 0x00000000d4100000, 0x00000000d4200000|  0%| F|  |TAMS 0x00000000d4100000| PB 0x00000000d4100000| Untracked 
| 322|0x00000000d4200000, 0x00000000d4200000, 0x00000000d4300000|  0%| F|  |TAMS 0x00000000d4200000| PB 0x00000000d4200000| Untracked 
| 323|0x00000000d4300000, 0x00000000d43df9f0, 0x00000000d4400000| 87%| O|  |TAMS 0x00000000d4300000| PB 0x00000000d4300000| Untracked 
| 324|0x00000000d4400000, 0x00000000d4500000, 0x00000000d4500000|100%|HS|  |TAMS 0x00000000d4400000| PB 0x00000000d4400000| Complete 
| 325|0x00000000d4500000, 0x00000000d4600000, 0x00000000d4600000|100%|HC|  |TAMS 0x00000000d4500000| PB 0x00000000d4500000| Complete 
| 326|0x00000000d4600000, 0x00000000d4700000, 0x00000000d4700000|100%|HC|  |TAMS 0x00000000d4600000| PB 0x00000000d4600000| Complete 
| 327|0x00000000d4700000, 0x00000000d4800000, 0x00000000d4800000|100%|HC|  |TAMS 0x00000000d4700000| PB 0x00000000d4700000| Complete 
| 328|0x00000000d4800000, 0x00000000d4900000, 0x00000000d4900000|100%|HC|  |TAMS 0x00000000d4800000| PB 0x00000000d4800000| Complete 
| 329|0x00000000d4900000, 0x00000000d4a00000, 0x00000000d4a00000|100%|HC|  |TAMS 0x00000000d4900000| PB 0x00000000d4900000| Complete 
| 330|0x00000000d4a00000, 0x00000000d4b00000, 0x00000000d4b00000|100%|HC|  |TAMS 0x00000000d4a00000| PB 0x00000000d4a00000| Complete 
| 331|0x00000000d4b00000, 0x00000000d4c00000, 0x00000000d4c00000|100%|HC|  |TAMS 0x00000000d4b00000| PB 0x00000000d4b00000| Complete 
| 332|0x00000000d4c00000, 0x00000000d4d00000, 0x00000000d4d00000|100%|HC|  |TAMS 0x00000000d4c00000| PB 0x00000000d4c00000| Complete 
| 333|0x00000000d4d00000, 0x00000000d4d00000, 0x00000000d4e00000|  0%| F|  |TAMS 0x00000000d4d00000| PB 0x00000000d4d00000| Untracked 
| 334|0x00000000d4e00000, 0x00000000d4f00000, 0x00000000d4f00000|100%|HS|  |TAMS 0x00000000d4e00000| PB 0x00000000d4e00000| Complete 
| 335|0x00000000d4f00000, 0x00000000d5000000, 0x00000000d5000000|100%|HC|  |TAMS 0x00000000d4f00000| PB 0x00000000d4f00000| Complete 
| 336|0x00000000d5000000, 0x00000000d5100000, 0x00000000d5100000|100%|HC|  |TAMS 0x00000000d5000000| PB 0x00000000d5000000| Complete 
| 337|0x00000000d5100000, 0x00000000d5200000, 0x00000000d5200000|100%|HC|  |TAMS 0x00000000d5100000| PB 0x00000000d5100000| Complete 
| 338|0x00000000d5200000, 0x00000000d5300000, 0x00000000d5300000|100%|HC|  |TAMS 0x00000000d5200000| PB 0x00000000d5200000| Complete 
| 339|0x00000000d5300000, 0x00000000d5400000, 0x00000000d5400000|100%|HC|  |TAMS 0x00000000d5300000| PB 0x00000000d5300000| Complete 
| 340|0x00000000d5400000, 0x00000000d5400000, 0x00000000d5500000|  0%| F|  |TAMS 0x00000000d5400000| PB 0x00000000d5400000| Untracked 
| 341|0x00000000d5500000, 0x00000000d5500000, 0x00000000d5600000|  0%| F|  |TAMS 0x00000000d5500000| PB 0x00000000d5500000| Untracked 
| 342|0x00000000d5600000, 0x00000000d5600000, 0x00000000d5700000|  0%| F|  |TAMS 0x00000000d5600000| PB 0x00000000d5600000| Untracked 
| 343|0x00000000d5700000, 0x00000000d5700000, 0x00000000d5800000|  0%| F|  |TAMS 0x00000000d5700000| PB 0x00000000d5700000| Untracked 
| 344|0x00000000d5800000, 0x00000000d5800000, 0x00000000d5900000|  0%| F|  |TAMS 0x00000000d5800000| PB 0x00000000d5800000| Untracked 
| 345|0x00000000d5900000, 0x00000000d5900000, 0x00000000d5a00000|  0%| F|  |TAMS 0x00000000d5900000| PB 0x00000000d5900000| Untracked 
| 346|0x00000000d5a00000, 0x00000000d5a00000, 0x00000000d5b00000|  0%| F|  |TAMS 0x00000000d5a00000| PB 0x00000000d5a00000| Untracked 
| 347|0x00000000d5b00000, 0x00000000d5b00000, 0x00000000d5c00000|  0%| F|  |TAMS 0x00000000d5b00000| PB 0x00000000d5b00000| Untracked 
| 348|0x00000000d5c00000, 0x00000000d5c00000, 0x00000000d5d00000|  0%| F|  |TAMS 0x00000000d5c00000| PB 0x00000000d5c00000| Untracked 
| 349|0x00000000d5d00000, 0x00000000d5d00000, 0x00000000d5e00000|  0%| F|  |TAMS 0x00000000d5d00000| PB 0x00000000d5d00000| Untracked 
| 350|0x00000000d5e00000, 0x00000000d5e00000, 0x00000000d5f00000|  0%| F|  |TAMS 0x00000000d5e00000| PB 0x00000000d5e00000| Untracked 
| 351|0x00000000d5f00000, 0x00000000d5f00000, 0x00000000d6000000|  0%| F|  |TAMS 0x00000000d5f00000| PB 0x00000000d5f00000| Untracked 
| 352|0x00000000d6000000, 0x00000000d6000000, 0x00000000d6100000|  0%| F|  |TAMS 0x00000000d6000000| PB 0x00000000d6000000| Untracked 
| 353|0x00000000d6100000, 0x00000000d6100000, 0x00000000d6200000|  0%| F|  |TAMS 0x00000000d6100000| PB 0x00000000d6100000| Untracked 
| 354|0x00000000d6200000, 0x00000000d6200000, 0x00000000d6300000|  0%| F|  |TAMS 0x00000000d6200000| PB 0x00000000d6200000| Untracked 
| 355|0x00000000d6300000, 0x00000000d6300000, 0x00000000d6400000|  0%| F|  |TAMS 0x00000000d6300000| PB 0x00000000d6300000| Untracked 
| 356|0x00000000d6400000, 0x00000000d6400000, 0x00000000d6500000|  0%| F|  |TAMS 0x00000000d6400000| PB 0x00000000d6400000| Untracked 
| 357|0x00000000d6500000, 0x00000000d6500000, 0x00000000d6600000|  0%| F|  |TAMS 0x00000000d6500000| PB 0x00000000d6500000| Untracked 
| 358|0x00000000d6600000, 0x00000000d6600000, 0x00000000d6700000|  0%| F|  |TAMS 0x00000000d6600000| PB 0x00000000d6600000| Untracked 
| 359|0x00000000d6700000, 0x00000000d6700000, 0x00000000d6800000|  0%| F|  |TAMS 0x00000000d6700000| PB 0x00000000d6700000| Untracked 
| 360|0x00000000d6800000, 0x00000000d6800000, 0x00000000d6900000|  0%| F|  |TAMS 0x00000000d6800000| PB 0x00000000d6800000| Untracked 
| 361|0x00000000d6900000, 0x00000000d6900000, 0x00000000d6a00000|  0%| F|  |TAMS 0x00000000d6900000| PB 0x00000000d6900000| Untracked 
| 362|0x00000000d6a00000, 0x00000000d6a00000, 0x00000000d6b00000|  0%| F|  |TAMS 0x00000000d6a00000| PB 0x00000000d6a00000| Untracked 
| 363|0x00000000d6b00000, 0x00000000d6b00000, 0x00000000d6c00000|  0%| F|  |TAMS 0x00000000d6b00000| PB 0x00000000d6b00000| Untracked 
| 364|0x00000000d6c00000, 0x00000000d6c00000, 0x00000000d6d00000|  0%| F|  |TAMS 0x00000000d6c00000| PB 0x00000000d6c00000| Untracked 
| 365|0x00000000d6d00000, 0x00000000d6d00000, 0x00000000d6e00000|  0%| F|  |TAMS 0x00000000d6d00000| PB 0x00000000d6d00000| Untracked 
| 366|0x00000000d6e00000, 0x00000000d6e00000, 0x00000000d6f00000|  0%| F|  |TAMS 0x00000000d6e00000| PB 0x00000000d6e00000| Untracked 
| 367|0x00000000d6f00000, 0x00000000d6f00000, 0x00000000d7000000|  0%| F|  |TAMS 0x00000000d6f00000| PB 0x00000000d6f00000| Untracked 
| 368|0x00000000d7000000, 0x00000000d7000000, 0x00000000d7100000|  0%| F|  |TAMS 0x00000000d7000000| PB 0x00000000d7000000| Untracked 
| 369|0x00000000d7100000, 0x00000000d7100000, 0x00000000d7200000|  0%| F|  |TAMS 0x00000000d7100000| PB 0x00000000d7100000| Untracked 
| 370|0x00000000d7200000, 0x00000000d7200000, 0x00000000d7300000|  0%| F|  |TAMS 0x00000000d7200000| PB 0x00000000d7200000| Untracked 
| 371|0x00000000d7300000, 0x00000000d7300000, 0x00000000d7400000|  0%| F|  |TAMS 0x00000000d7300000| PB 0x00000000d7300000| Untracked 
| 372|0x00000000d7400000, 0x00000000d7400000, 0x00000000d7500000|  0%| F|  |TAMS 0x00000000d7400000| PB 0x00000000d7400000| Untracked 
| 373|0x00000000d7500000, 0x00000000d7500000, 0x00000000d7600000|  0%| F|  |TAMS 0x00000000d7500000| PB 0x00000000d7500000| Untracked 
| 374|0x00000000d7600000, 0x00000000d7600000, 0x00000000d7700000|  0%| F|  |TAMS 0x00000000d7600000| PB 0x00000000d7600000| Untracked 
| 375|0x00000000d7700000, 0x00000000d7700000, 0x00000000d7800000|  0%| F|  |TAMS 0x00000000d7700000| PB 0x00000000d7700000| Untracked 
| 376|0x00000000d7800000, 0x00000000d7800000, 0x00000000d7900000|  0%| F|  |TAMS 0x00000000d7800000| PB 0x00000000d7800000| Untracked 
| 377|0x00000000d7900000, 0x00000000d7900000, 0x00000000d7a00000|  0%| F|  |TAMS 0x00000000d7900000| PB 0x00000000d7900000| Untracked 
| 378|0x00000000d7a00000, 0x00000000d7a00000, 0x00000000d7b00000|  0%| F|  |TAMS 0x00000000d7a00000| PB 0x00000000d7a00000| Untracked 
| 379|0x00000000d7b00000, 0x00000000d7b00000, 0x00000000d7c00000|  0%| F|  |TAMS 0x00000000d7b00000| PB 0x00000000d7b00000| Untracked 
| 380|0x00000000d7c00000, 0x00000000d7c00000, 0x00000000d7d00000|  0%| F|  |TAMS 0x00000000d7c00000| PB 0x00000000d7c00000| Untracked 
| 381|0x00000000d7d00000, 0x00000000d7d00000, 0x00000000d7e00000|  0%| F|  |TAMS 0x00000000d7d00000| PB 0x00000000d7d00000| Untracked 
| 382|0x00000000d7e00000, 0x00000000d7e00000, 0x00000000d7f00000|  0%| F|  |TAMS 0x00000000d7e00000| PB 0x00000000d7e00000| Untracked 
| 383|0x00000000d7f00000, 0x00000000d7f00000, 0x00000000d8000000|  0%| F|  |TAMS 0x00000000d7f00000| PB 0x00000000d7f00000| Untracked 
| 384|0x00000000d8000000, 0x00000000d8000000, 0x00000000d8100000|  0%| F|  |TAMS 0x00000000d8000000| PB 0x00000000d8000000| Untracked 
| 385|0x00000000d8100000, 0x00000000d8100000, 0x00000000d8200000|  0%| F|  |TAMS 0x00000000d8100000| PB 0x00000000d8100000| Untracked 
| 386|0x00000000d8200000, 0x00000000d8200000, 0x00000000d8300000|  0%| F|  |TAMS 0x00000000d8200000| PB 0x00000000d8200000| Untracked 
| 387|0x00000000d8300000, 0x00000000d8300000, 0x00000000d8400000|  0%| F|  |TAMS 0x00000000d8300000| PB 0x00000000d8300000| Untracked 
| 388|0x00000000d8400000, 0x00000000d8400000, 0x00000000d8500000|  0%| F|  |TAMS 0x00000000d8400000| PB 0x00000000d8400000| Untracked 
| 389|0x00000000d8500000, 0x00000000d8500000, 0x00000000d8600000|  0%| F|  |TAMS 0x00000000d8500000| PB 0x00000000d8500000| Untracked 
| 390|0x00000000d8600000, 0x00000000d8600000, 0x00000000d8700000|  0%| F|  |TAMS 0x00000000d8600000| PB 0x00000000d8600000| Untracked 
| 391|0x00000000d8700000, 0x00000000d8700000, 0x00000000d8800000|  0%| F|  |TAMS 0x00000000d8700000| PB 0x00000000d8700000| Untracked 
| 392|0x00000000d8800000, 0x00000000d8848b28, 0x00000000d8900000| 28%| S|CS|TAMS 0x00000000d8800000| PB 0x00000000d8800000| Complete 
| 393|0x00000000d8900000, 0x00000000d8a00000, 0x00000000d8a00000|100%| S|CS|TAMS 0x00000000d8900000| PB 0x00000000d8900000| Complete 
| 394|0x00000000d8a00000, 0x00000000d8b00000, 0x00000000d8b00000|100%| S|CS|TAMS 0x00000000d8a00000| PB 0x00000000d8a00000| Complete 
| 395|0x00000000d8b00000, 0x00000000d8c00000, 0x00000000d8c00000|100%| S|CS|TAMS 0x00000000d8b00000| PB 0x00000000d8b00000| Complete 
| 396|0x00000000d8c00000, 0x00000000d8d00000, 0x00000000d8d00000|100%| S|CS|TAMS 0x00000000d8c00000| PB 0x00000000d8c00000| Complete 
| 397|0x00000000d8d00000, 0x00000000d8e00000, 0x00000000d8e00000|100%| S|CS|TAMS 0x00000000d8d00000| PB 0x00000000d8d00000| Complete 
| 398|0x00000000d8e00000, 0x00000000d8f00000, 0x00000000d8f00000|100%| S|CS|TAMS 0x00000000d8e00000| PB 0x00000000d8e00000| Complete 
| 399|0x00000000d8f00000, 0x00000000d8f00000, 0x00000000d9000000|  0%| F|  |TAMS 0x00000000d8f00000| PB 0x00000000d8f00000| Untracked 
| 400|0x00000000d9000000, 0x00000000d9000000, 0x00000000d9100000|  0%| F|  |TAMS 0x00000000d9000000| PB 0x00000000d9000000| Untracked 
| 401|0x00000000d9100000, 0x00000000d9100000, 0x00000000d9200000|  0%| F|  |TAMS 0x00000000d9100000| PB 0x00000000d9100000| Untracked 
| 402|0x00000000d9200000, 0x00000000d9200000, 0x00000000d9300000|  0%| F|  |TAMS 0x00000000d9200000| PB 0x00000000d9200000| Untracked 
| 403|0x00000000d9300000, 0x00000000d9300000, 0x00000000d9400000|  0%| F|  |TAMS 0x00000000d9300000| PB 0x00000000d9300000| Untracked 
| 404|0x00000000d9400000, 0x00000000d9400000, 0x00000000d9500000|  0%| F|  |TAMS 0x00000000d9400000| PB 0x00000000d9400000| Untracked 
| 405|0x00000000d9500000, 0x00000000d9500000, 0x00000000d9600000|  0%| F|  |TAMS 0x00000000d9500000| PB 0x00000000d9500000| Untracked 
| 406|0x00000000d9600000, 0x00000000d9600000, 0x00000000d9700000|  0%| F|  |TAMS 0x00000000d9600000| PB 0x00000000d9600000| Untracked 
| 407|0x00000000d9700000, 0x00000000d9700000, 0x00000000d9800000|  0%| F|  |TAMS 0x00000000d9700000| PB 0x00000000d9700000| Untracked 
| 408|0x00000000d9800000, 0x00000000d9800000, 0x00000000d9900000|  0%| F|  |TAMS 0x00000000d9800000| PB 0x00000000d9800000| Untracked 
| 409|0x00000000d9900000, 0x00000000d9900000, 0x00000000d9a00000|  0%| F|  |TAMS 0x00000000d9900000| PB 0x00000000d9900000| Untracked 
| 410|0x00000000d9a00000, 0x00000000d9a00000, 0x00000000d9b00000|  0%| F|  |TAMS 0x00000000d9a00000| PB 0x00000000d9a00000| Untracked 
| 411|0x00000000d9b00000, 0x00000000d9b00000, 0x00000000d9c00000|  0%| F|  |TAMS 0x00000000d9b00000| PB 0x00000000d9b00000| Untracked 
| 412|0x00000000d9c00000, 0x00000000d9c00000, 0x00000000d9d00000|  0%| F|  |TAMS 0x00000000d9c00000| PB 0x00000000d9c00000| Untracked 
| 413|0x00000000d9d00000, 0x00000000d9d00000, 0x00000000d9e00000|  0%| F|  |TAMS 0x00000000d9d00000| PB 0x00000000d9d00000| Untracked 
| 414|0x00000000d9e00000, 0x00000000d9e00000, 0x00000000d9f00000|  0%| F|  |TAMS 0x00000000d9e00000| PB 0x00000000d9e00000| Untracked 
| 415|0x00000000d9f00000, 0x00000000d9f00000, 0x00000000da000000|  0%| F|  |TAMS 0x00000000d9f00000| PB 0x00000000d9f00000| Untracked 
| 416|0x00000000da000000, 0x00000000da000000, 0x00000000da100000|  0%| F|  |TAMS 0x00000000da000000| PB 0x00000000da000000| Untracked 
| 417|0x00000000da100000, 0x00000000da100000, 0x00000000da200000|  0%| F|  |TAMS 0x00000000da100000| PB 0x00000000da100000| Untracked 
| 418|0x00000000da200000, 0x00000000da200000, 0x00000000da300000|  0%| F|  |TAMS 0x00000000da200000| PB 0x00000000da200000| Untracked 
| 419|0x00000000da300000, 0x00000000da300000, 0x00000000da400000|  0%| F|  |TAMS 0x00000000da300000| PB 0x00000000da300000| Untracked 
| 420|0x00000000da400000, 0x00000000da400000, 0x00000000da500000|  0%| F|  |TAMS 0x00000000da400000| PB 0x00000000da400000| Untracked 
| 421|0x00000000da500000, 0x00000000da500000, 0x00000000da600000|  0%| F|  |TAMS 0x00000000da500000| PB 0x00000000da500000| Untracked 
| 422|0x00000000da600000, 0x00000000da600000, 0x00000000da700000|  0%| F|  |TAMS 0x00000000da600000| PB 0x00000000da600000| Untracked 
| 423|0x00000000da700000, 0x00000000da700000, 0x00000000da800000|  0%| F|  |TAMS 0x00000000da700000| PB 0x00000000da700000| Untracked 
| 424|0x00000000da800000, 0x00000000da800000, 0x00000000da900000|  0%| F|  |TAMS 0x00000000da800000| PB 0x00000000da800000| Untracked 
| 425|0x00000000da900000, 0x00000000da900000, 0x00000000daa00000|  0%| F|  |TAMS 0x00000000da900000| PB 0x00000000da900000| Untracked 
| 426|0x00000000daa00000, 0x00000000daa00000, 0x00000000dab00000|  0%| F|  |TAMS 0x00000000daa00000| PB 0x00000000daa00000| Untracked 
| 427|0x00000000dab00000, 0x00000000dab00000, 0x00000000dac00000|  0%| F|  |TAMS 0x00000000dab00000| PB 0x00000000dab00000| Untracked 
| 428|0x00000000dac00000, 0x00000000dac00000, 0x00000000dad00000|  0%| F|  |TAMS 0x00000000dac00000| PB 0x00000000dac00000| Untracked 
| 429|0x00000000dad00000, 0x00000000dad00000, 0x00000000dae00000|  0%| F|  |TAMS 0x00000000dad00000| PB 0x00000000dad00000| Untracked 
| 430|0x00000000dae00000, 0x00000000dae00000, 0x00000000daf00000|  0%| F|  |TAMS 0x00000000dae00000| PB 0x00000000dae00000| Untracked 
| 431|0x00000000daf00000, 0x00000000daf00000, 0x00000000db000000|  0%| F|  |TAMS 0x00000000daf00000| PB 0x00000000daf00000| Untracked 
| 432|0x00000000db000000, 0x00000000db000000, 0x00000000db100000|  0%| F|  |TAMS 0x00000000db000000| PB 0x00000000db000000| Untracked 
| 433|0x00000000db100000, 0x00000000db100000, 0x00000000db200000|  0%| F|  |TAMS 0x00000000db100000| PB 0x00000000db100000| Untracked 
| 434|0x00000000db200000, 0x00000000db200000, 0x00000000db300000|  0%| F|  |TAMS 0x00000000db200000| PB 0x00000000db200000| Untracked 
| 435|0x00000000db300000, 0x00000000db300000, 0x00000000db400000|  0%| F|  |TAMS 0x00000000db300000| PB 0x00000000db300000| Untracked 
| 436|0x00000000db400000, 0x00000000db400000, 0x00000000db500000|  0%| F|  |TAMS 0x00000000db400000| PB 0x00000000db400000| Untracked 
| 437|0x00000000db500000, 0x00000000db500000, 0x00000000db600000|  0%| F|  |TAMS 0x00000000db500000| PB 0x00000000db500000| Untracked 
| 438|0x00000000db600000, 0x00000000db600000, 0x00000000db700000|  0%| F|  |TAMS 0x00000000db600000| PB 0x00000000db600000| Untracked 
| 439|0x00000000db700000, 0x00000000db700000, 0x00000000db800000|  0%| F|  |TAMS 0x00000000db700000| PB 0x00000000db700000| Untracked 
| 440|0x00000000db800000, 0x00000000db800000, 0x00000000db900000|  0%| F|  |TAMS 0x00000000db800000| PB 0x00000000db800000| Untracked 
| 441|0x00000000db900000, 0x00000000db900000, 0x00000000dba00000|  0%| F|  |TAMS 0x00000000db900000| PB 0x00000000db900000| Untracked 
| 442|0x00000000dba00000, 0x00000000dba00000, 0x00000000dbb00000|  0%| F|  |TAMS 0x00000000dba00000| PB 0x00000000dba00000| Untracked 
| 443|0x00000000dbb00000, 0x00000000dbb00000, 0x00000000dbc00000|  0%| F|  |TAMS 0x00000000dbb00000| PB 0x00000000dbb00000| Untracked 
| 444|0x00000000dbc00000, 0x00000000dbc00000, 0x00000000dbd00000|  0%| F|  |TAMS 0x00000000dbc00000| PB 0x00000000dbc00000| Untracked 
| 445|0x00000000dbd00000, 0x00000000dbd00000, 0x00000000dbe00000|  0%| F|  |TAMS 0x00000000dbd00000| PB 0x00000000dbd00000| Untracked 
| 446|0x00000000dbe00000, 0x00000000dbe00000, 0x00000000dbf00000|  0%| F|  |TAMS 0x00000000dbe00000| PB 0x00000000dbe00000| Untracked 
| 447|0x00000000dbf00000, 0x00000000dbf00000, 0x00000000dc000000|  0%| F|  |TAMS 0x00000000dbf00000| PB 0x00000000dbf00000| Untracked 
| 448|0x00000000dc000000, 0x00000000dc000000, 0x00000000dc100000|  0%| F|  |TAMS 0x00000000dc000000| PB 0x00000000dc000000| Untracked 
| 449|0x00000000dc100000, 0x00000000dc100000, 0x00000000dc200000|  0%| F|  |TAMS 0x00000000dc100000| PB 0x00000000dc100000| Untracked 
| 450|0x00000000dc200000, 0x00000000dc200000, 0x00000000dc300000|  0%| F|  |TAMS 0x00000000dc200000| PB 0x00000000dc200000| Untracked 
| 451|0x00000000dc300000, 0x00000000dc300000, 0x00000000dc400000|  0%| F|  |TAMS 0x00000000dc300000| PB 0x00000000dc300000| Untracked 
| 452|0x00000000dc400000, 0x00000000dc400000, 0x00000000dc500000|  0%| F|  |TAMS 0x00000000dc400000| PB 0x00000000dc400000| Untracked 
| 453|0x00000000dc500000, 0x00000000dc500000, 0x00000000dc600000|  0%| F|  |TAMS 0x00000000dc500000| PB 0x00000000dc500000| Untracked 
| 454|0x00000000dc600000, 0x00000000dc600000, 0x00000000dc700000|  0%| F|  |TAMS 0x00000000dc600000| PB 0x00000000dc600000| Untracked 
| 455|0x00000000dc700000, 0x00000000dc700000, 0x00000000dc800000|  0%| F|  |TAMS 0x00000000dc700000| PB 0x00000000dc700000| Untracked 
| 456|0x00000000dc800000, 0x00000000dc800000, 0x00000000dc900000|  0%| F|  |TAMS 0x00000000dc800000| PB 0x00000000dc800000| Untracked 
| 457|0x00000000dc900000, 0x00000000dc900000, 0x00000000dca00000|  0%| F|  |TAMS 0x00000000dc900000| PB 0x00000000dc900000| Untracked 
| 458|0x00000000dca00000, 0x00000000dca00000, 0x00000000dcb00000|  0%| F|  |TAMS 0x00000000dca00000| PB 0x00000000dca00000| Untracked 
| 459|0x00000000dcb00000, 0x00000000dcb00000, 0x00000000dcc00000|  0%| F|  |TAMS 0x00000000dcb00000| PB 0x00000000dcb00000| Untracked 
| 460|0x00000000dcc00000, 0x00000000dcc00000, 0x00000000dcd00000|  0%| F|  |TAMS 0x00000000dcc00000| PB 0x00000000dcc00000| Untracked 
| 461|0x00000000dcd00000, 0x00000000dcd00000, 0x00000000dce00000|  0%| F|  |TAMS 0x00000000dcd00000| PB 0x00000000dcd00000| Untracked 
| 462|0x00000000dce00000, 0x00000000dce00000, 0x00000000dcf00000|  0%| F|  |TAMS 0x00000000dce00000| PB 0x00000000dce00000| Untracked 
| 463|0x00000000dcf00000, 0x00000000dcf00000, 0x00000000dd000000|  0%| F|  |TAMS 0x00000000dcf00000| PB 0x00000000dcf00000| Untracked 
| 464|0x00000000dd000000, 0x00000000dd000000, 0x00000000dd100000|  0%| F|  |TAMS 0x00000000dd000000| PB 0x00000000dd000000| Untracked 
| 465|0x00000000dd100000, 0x00000000dd100000, 0x00000000dd200000|  0%| F|  |TAMS 0x00000000dd100000| PB 0x00000000dd100000| Untracked 
| 466|0x00000000dd200000, 0x00000000dd200000, 0x00000000dd300000|  0%| F|  |TAMS 0x00000000dd200000| PB 0x00000000dd200000| Untracked 
| 467|0x00000000dd300000, 0x00000000dd300000, 0x00000000dd400000|  0%| F|  |TAMS 0x00000000dd300000| PB 0x00000000dd300000| Untracked 
| 468|0x00000000dd400000, 0x00000000dd400000, 0x00000000dd500000|  0%| F|  |TAMS 0x00000000dd400000| PB 0x00000000dd400000| Untracked 
| 469|0x00000000dd500000, 0x00000000dd500000, 0x00000000dd600000|  0%| F|  |TAMS 0x00000000dd500000| PB 0x00000000dd500000| Untracked 
| 470|0x00000000dd600000, 0x00000000dd600000, 0x00000000dd700000|  0%| F|  |TAMS 0x00000000dd600000| PB 0x00000000dd600000| Untracked 
| 471|0x00000000dd700000, 0x00000000dd700000, 0x00000000dd800000|  0%| F|  |TAMS 0x00000000dd700000| PB 0x00000000dd700000| Untracked 
| 472|0x00000000dd800000, 0x00000000dd800000, 0x00000000dd900000|  0%| F|  |TAMS 0x00000000dd800000| PB 0x00000000dd800000| Untracked 
| 473|0x00000000dd900000, 0x00000000dd900000, 0x00000000dda00000|  0%| F|  |TAMS 0x00000000dd900000| PB 0x00000000dd900000| Untracked 
| 474|0x00000000dda00000, 0x00000000dda00000, 0x00000000ddb00000|  0%| F|  |TAMS 0x00000000dda00000| PB 0x00000000dda00000| Untracked 
| 475|0x00000000ddb00000, 0x00000000ddb00000, 0x00000000ddc00000|  0%| F|  |TAMS 0x00000000ddb00000| PB 0x00000000ddb00000| Untracked 
| 476|0x00000000ddc00000, 0x00000000ddc00000, 0x00000000ddd00000|  0%| F|  |TAMS 0x00000000ddc00000| PB 0x00000000ddc00000| Untracked 
| 477|0x00000000ddd00000, 0x00000000ddd00000, 0x00000000dde00000|  0%| F|  |TAMS 0x00000000ddd00000| PB 0x00000000ddd00000| Untracked 
| 478|0x00000000dde00000, 0x00000000dde00000, 0x00000000ddf00000|  0%| F|  |TAMS 0x00000000dde00000| PB 0x00000000dde00000| Untracked 
| 479|0x00000000ddf00000, 0x00000000ddf00000, 0x00000000de000000|  0%| F|  |TAMS 0x00000000ddf00000| PB 0x00000000ddf00000| Untracked 
| 480|0x00000000de000000, 0x00000000de000000, 0x00000000de100000|  0%| F|  |TAMS 0x00000000de000000| PB 0x00000000de000000| Untracked 
| 481|0x00000000de100000, 0x00000000de100000, 0x00000000de200000|  0%| F|  |TAMS 0x00000000de100000| PB 0x00000000de100000| Untracked 
| 482|0x00000000de200000, 0x00000000de200000, 0x00000000de300000|  0%| F|  |TAMS 0x00000000de200000| PB 0x00000000de200000| Untracked 
| 483|0x00000000de300000, 0x00000000de300000, 0x00000000de400000|  0%| F|  |TAMS 0x00000000de300000| PB 0x00000000de300000| Untracked 
| 484|0x00000000de400000, 0x00000000de400000, 0x00000000de500000|  0%| F|  |TAMS 0x00000000de400000| PB 0x00000000de400000| Untracked 
| 485|0x00000000de500000, 0x00000000de500000, 0x00000000de600000|  0%| F|  |TAMS 0x00000000de500000| PB 0x00000000de500000| Untracked 
| 486|0x00000000de600000, 0x00000000de600000, 0x00000000de700000|  0%| F|  |TAMS 0x00000000de600000| PB 0x00000000de600000| Untracked 
| 487|0x00000000de700000, 0x00000000de700000, 0x00000000de800000|  0%| F|  |TAMS 0x00000000de700000| PB 0x00000000de700000| Untracked 
| 488|0x00000000de800000, 0x00000000de800000, 0x00000000de900000|  0%| F|  |TAMS 0x00000000de800000| PB 0x00000000de800000| Untracked 
| 489|0x00000000de900000, 0x00000000de900000, 0x00000000dea00000|  0%| F|  |TAMS 0x00000000de900000| PB 0x00000000de900000| Untracked 
| 490|0x00000000dea00000, 0x00000000dea00000, 0x00000000deb00000|  0%| F|  |TAMS 0x00000000dea00000| PB 0x00000000dea00000| Untracked 
| 491|0x00000000deb00000, 0x00000000deb00000, 0x00000000dec00000|  0%| F|  |TAMS 0x00000000deb00000| PB 0x00000000deb00000| Untracked 
| 492|0x00000000dec00000, 0x00000000dec00000, 0x00000000ded00000|  0%| F|  |TAMS 0x00000000dec00000| PB 0x00000000dec00000| Untracked 
| 493|0x00000000ded00000, 0x00000000ded00000, 0x00000000dee00000|  0%| F|  |TAMS 0x00000000ded00000| PB 0x00000000ded00000| Untracked 
| 494|0x00000000dee00000, 0x00000000dee00000, 0x00000000def00000|  0%| F|  |TAMS 0x00000000dee00000| PB 0x00000000dee00000| Untracked 
| 495|0x00000000def00000, 0x00000000def00000, 0x00000000df000000|  0%| F|  |TAMS 0x00000000def00000| PB 0x00000000def00000| Untracked 
| 496|0x00000000df000000, 0x00000000df000000, 0x00000000df100000|  0%| F|  |TAMS 0x00000000df000000| PB 0x00000000df000000| Untracked 
| 497|0x00000000df100000, 0x00000000df100000, 0x00000000df200000|  0%| F|  |TAMS 0x00000000df100000| PB 0x00000000df100000| Untracked 
| 498|0x00000000df200000, 0x00000000df200000, 0x00000000df300000|  0%| F|  |TAMS 0x00000000df200000| PB 0x00000000df200000| Untracked 
| 499|0x00000000df300000, 0x00000000df300000, 0x00000000df400000|  0%| F|  |TAMS 0x00000000df300000| PB 0x00000000df300000| Untracked 
| 500|0x00000000df400000, 0x00000000df400000, 0x00000000df500000|  0%| F|  |TAMS 0x00000000df400000| PB 0x00000000df400000| Untracked 
| 501|0x00000000df500000, 0x00000000df500000, 0x00000000df600000|  0%| F|  |TAMS 0x00000000df500000| PB 0x00000000df500000| Untracked 
| 502|0x00000000df600000, 0x00000000df600000, 0x00000000df700000|  0%| F|  |TAMS 0x00000000df600000| PB 0x00000000df600000| Untracked 
| 503|0x00000000df700000, 0x00000000df700000, 0x00000000df800000|  0%| F|  |TAMS 0x00000000df700000| PB 0x00000000df700000| Untracked 
| 504|0x00000000df800000, 0x00000000df800000, 0x00000000df900000|  0%| F|  |TAMS 0x00000000df800000| PB 0x00000000df800000| Untracked 
| 505|0x00000000df900000, 0x00000000df900000, 0x00000000dfa00000|  0%| F|  |TAMS 0x00000000df900000| PB 0x00000000df900000| Untracked 
| 506|0x00000000dfa00000, 0x00000000dfa00000, 0x00000000dfb00000|  0%| F|  |TAMS 0x00000000dfa00000| PB 0x00000000dfa00000| Untracked 
| 507|0x00000000dfb00000, 0x00000000dfb00000, 0x00000000dfc00000|  0%| F|  |TAMS 0x00000000dfb00000| PB 0x00000000dfb00000| Untracked 
| 508|0x00000000dfc00000, 0x00000000dfc00000, 0x00000000dfd00000|  0%| F|  |TAMS 0x00000000dfc00000| PB 0x00000000dfc00000| Untracked 
| 509|0x00000000dfd00000, 0x00000000dfd00000, 0x00000000dfe00000|  0%| F|  |TAMS 0x00000000dfd00000| PB 0x00000000dfd00000| Untracked 
| 510|0x00000000dfe00000, 0x00000000dfe00000, 0x00000000dff00000|  0%| F|  |TAMS 0x00000000dfe00000| PB 0x00000000dfe00000| Untracked 
| 511|0x00000000dff00000, 0x00000000dff00000, 0x00000000e0000000|  0%| F|  |TAMS 0x00000000dff00000| PB 0x00000000dff00000| Untracked 
| 512|0x00000000e0000000, 0x00000000e0000000, 0x00000000e0100000|  0%| F|  |TAMS 0x00000000e0000000| PB 0x00000000e0000000| Untracked 
| 513|0x00000000e0100000, 0x00000000e0100000, 0x00000000e0200000|  0%| F|  |TAMS 0x00000000e0100000| PB 0x00000000e0100000| Untracked 
| 514|0x00000000e0200000, 0x00000000e0200000, 0x00000000e0300000|  0%| F|  |TAMS 0x00000000e0200000| PB 0x00000000e0200000| Untracked 
| 515|0x00000000e0300000, 0x00000000e0300000, 0x00000000e0400000|  0%| F|  |TAMS 0x00000000e0300000| PB 0x00000000e0300000| Untracked 
| 516|0x00000000e0400000, 0x00000000e0400000, 0x00000000e0500000|  0%| F|  |TAMS 0x00000000e0400000| PB 0x00000000e0400000| Untracked 
| 517|0x00000000e0500000, 0x00000000e0500000, 0x00000000e0600000|  0%| F|  |TAMS 0x00000000e0500000| PB 0x00000000e0500000| Untracked 
| 518|0x00000000e0600000, 0x00000000e0600000, 0x00000000e0700000|  0%| F|  |TAMS 0x00000000e0600000| PB 0x00000000e0600000| Untracked 
| 519|0x00000000e0700000, 0x00000000e0700000, 0x00000000e0800000|  0%| F|  |TAMS 0x00000000e0700000| PB 0x00000000e0700000| Untracked 
| 520|0x00000000e0800000, 0x00000000e0800000, 0x00000000e0900000|  0%| F|  |TAMS 0x00000000e0800000| PB 0x00000000e0800000| Untracked 
| 521|0x00000000e0900000, 0x00000000e0900000, 0x00000000e0a00000|  0%| F|  |TAMS 0x00000000e0900000| PB 0x00000000e0900000| Untracked 
| 522|0x00000000e0a00000, 0x00000000e0a00000, 0x00000000e0b00000|  0%| F|  |TAMS 0x00000000e0a00000| PB 0x00000000e0a00000| Untracked 
| 523|0x00000000e0b00000, 0x00000000e0b00000, 0x00000000e0c00000|  0%| F|  |TAMS 0x00000000e0b00000| PB 0x00000000e0b00000| Untracked 
| 524|0x00000000e0c00000, 0x00000000e0c00000, 0x00000000e0d00000|  0%| F|  |TAMS 0x00000000e0c00000| PB 0x00000000e0c00000| Untracked 
| 525|0x00000000e0d00000, 0x00000000e0d00000, 0x00000000e0e00000|  0%| F|  |TAMS 0x00000000e0d00000| PB 0x00000000e0d00000| Untracked 
| 526|0x00000000e0e00000, 0x00000000e0e00000, 0x00000000e0f00000|  0%| F|  |TAMS 0x00000000e0e00000| PB 0x00000000e0e00000| Untracked 
| 527|0x00000000e0f00000, 0x00000000e0f00000, 0x00000000e1000000|  0%| F|  |TAMS 0x00000000e0f00000| PB 0x00000000e0f00000| Untracked 
| 528|0x00000000e1000000, 0x00000000e1000000, 0x00000000e1100000|  0%| F|  |TAMS 0x00000000e1000000| PB 0x00000000e1000000| Untracked 
| 529|0x00000000e1100000, 0x00000000e1100000, 0x00000000e1200000|  0%| F|  |TAMS 0x00000000e1100000| PB 0x00000000e1100000| Untracked 
| 530|0x00000000e1200000, 0x00000000e1200000, 0x00000000e1300000|  0%| F|  |TAMS 0x00000000e1200000| PB 0x00000000e1200000| Untracked 
| 531|0x00000000e1300000, 0x00000000e1300000, 0x00000000e1400000|  0%| F|  |TAMS 0x00000000e1300000| PB 0x00000000e1300000| Untracked 
| 532|0x00000000e1400000, 0x00000000e1400000, 0x00000000e1500000|  0%| F|  |TAMS 0x00000000e1400000| PB 0x00000000e1400000| Untracked 
| 533|0x00000000e1500000, 0x00000000e1500000, 0x00000000e1600000|  0%| F|  |TAMS 0x00000000e1500000| PB 0x00000000e1500000| Untracked 
| 534|0x00000000e1600000, 0x00000000e1600000, 0x00000000e1700000|  0%| F|  |TAMS 0x00000000e1600000| PB 0x00000000e1600000| Untracked 
| 535|0x00000000e1700000, 0x00000000e1700000, 0x00000000e1800000|  0%| F|  |TAMS 0x00000000e1700000| PB 0x00000000e1700000| Untracked 
| 536|0x00000000e1800000, 0x00000000e1800000, 0x00000000e1900000|  0%| F|  |TAMS 0x00000000e1800000| PB 0x00000000e1800000| Untracked 
| 537|0x00000000e1900000, 0x00000000e1900000, 0x00000000e1a00000|  0%| F|  |TAMS 0x00000000e1900000| PB 0x00000000e1900000| Untracked 
| 538|0x00000000e1a00000, 0x00000000e1a00000, 0x00000000e1b00000|  0%| F|  |TAMS 0x00000000e1a00000| PB 0x00000000e1a00000| Untracked 
| 539|0x00000000e1b00000, 0x00000000e1b00000, 0x00000000e1c00000|  0%| F|  |TAMS 0x00000000e1b00000| PB 0x00000000e1b00000| Untracked 
| 540|0x00000000e1c00000, 0x00000000e1c00000, 0x00000000e1d00000|  0%| F|  |TAMS 0x00000000e1c00000| PB 0x00000000e1c00000| Untracked 
| 541|0x00000000e1d00000, 0x00000000e1d00000, 0x00000000e1e00000|  0%| F|  |TAMS 0x00000000e1d00000| PB 0x00000000e1d00000| Untracked 
| 542|0x00000000e1e00000, 0x00000000e1e00000, 0x00000000e1f00000|  0%| F|  |TAMS 0x00000000e1e00000| PB 0x00000000e1e00000| Untracked 
| 543|0x00000000e1f00000, 0x00000000e1f00000, 0x00000000e2000000|  0%| F|  |TAMS 0x00000000e1f00000| PB 0x00000000e1f00000| Untracked 
| 544|0x00000000e2000000, 0x00000000e2000000, 0x00000000e2100000|  0%| F|  |TAMS 0x00000000e2000000| PB 0x00000000e2000000| Untracked 
| 545|0x00000000e2100000, 0x00000000e2100000, 0x00000000e2200000|  0%| F|  |TAMS 0x00000000e2100000| PB 0x00000000e2100000| Untracked 
| 546|0x00000000e2200000, 0x00000000e2200000, 0x00000000e2300000|  0%| F|  |TAMS 0x00000000e2200000| PB 0x00000000e2200000| Untracked 
| 547|0x00000000e2300000, 0x00000000e2300000, 0x00000000e2400000|  0%| F|  |TAMS 0x00000000e2300000| PB 0x00000000e2300000| Untracked 
| 548|0x00000000e2400000, 0x00000000e2400000, 0x00000000e2500000|  0%| F|  |TAMS 0x00000000e2400000| PB 0x00000000e2400000| Untracked 
| 549|0x00000000e2500000, 0x00000000e2500000, 0x00000000e2600000|  0%| F|  |TAMS 0x00000000e2500000| PB 0x00000000e2500000| Untracked 
| 550|0x00000000e2600000, 0x00000000e2600000, 0x00000000e2700000|  0%| F|  |TAMS 0x00000000e2600000| PB 0x00000000e2600000| Untracked 
| 551|0x00000000e2700000, 0x00000000e2700000, 0x00000000e2800000|  0%| F|  |TAMS 0x00000000e2700000| PB 0x00000000e2700000| Untracked 
| 552|0x00000000e2800000, 0x00000000e2800000, 0x00000000e2900000|  0%| F|  |TAMS 0x00000000e2800000| PB 0x00000000e2800000| Untracked 
| 553|0x00000000e2900000, 0x00000000e2900000, 0x00000000e2a00000|  0%| F|  |TAMS 0x00000000e2900000| PB 0x00000000e2900000| Untracked 
| 554|0x00000000e2a00000, 0x00000000e2a00000, 0x00000000e2b00000|  0%| F|  |TAMS 0x00000000e2a00000| PB 0x00000000e2a00000| Untracked 
| 555|0x00000000e2b00000, 0x00000000e2b00000, 0x00000000e2c00000|  0%| F|  |TAMS 0x00000000e2b00000| PB 0x00000000e2b00000| Untracked 
| 556|0x00000000e2c00000, 0x00000000e2c00000, 0x00000000e2d00000|  0%| F|  |TAMS 0x00000000e2c00000| PB 0x00000000e2c00000| Untracked 
| 557|0x00000000e2d00000, 0x00000000e2d00000, 0x00000000e2e00000|  0%| F|  |TAMS 0x00000000e2d00000| PB 0x00000000e2d00000| Untracked 
| 558|0x00000000e2e00000, 0x00000000e2e00000, 0x00000000e2f00000|  0%| F|  |TAMS 0x00000000e2e00000| PB 0x00000000e2e00000| Untracked 
| 559|0x00000000e2f00000, 0x00000000e2f00000, 0x00000000e3000000|  0%| F|  |TAMS 0x00000000e2f00000| PB 0x00000000e2f00000| Untracked 
| 560|0x00000000e3000000, 0x00000000e3000000, 0x00000000e3100000|  0%| F|  |TAMS 0x00000000e3000000| PB 0x00000000e3000000| Untracked 
| 561|0x00000000e3100000, 0x00000000e3100000, 0x00000000e3200000|  0%| F|  |TAMS 0x00000000e3100000| PB 0x00000000e3100000| Untracked 
| 562|0x00000000e3200000, 0x00000000e3200000, 0x00000000e3300000|  0%| F|  |TAMS 0x00000000e3200000| PB 0x00000000e3200000| Untracked 
| 563|0x00000000e3300000, 0x00000000e3300000, 0x00000000e3400000|  0%| F|  |TAMS 0x00000000e3300000| PB 0x00000000e3300000| Untracked 
| 564|0x00000000e3400000, 0x00000000e3400000, 0x00000000e3500000|  0%| F|  |TAMS 0x00000000e3400000| PB 0x00000000e3400000| Untracked 
| 565|0x00000000e3500000, 0x00000000e3500000, 0x00000000e3600000|  0%| F|  |TAMS 0x00000000e3500000| PB 0x00000000e3500000| Untracked 
| 566|0x00000000e3600000, 0x00000000e3600000, 0x00000000e3700000|  0%| F|  |TAMS 0x00000000e3600000| PB 0x00000000e3600000| Untracked 
| 567|0x00000000e3700000, 0x00000000e3700000, 0x00000000e3800000|  0%| F|  |TAMS 0x00000000e3700000| PB 0x00000000e3700000| Untracked 
| 568|0x00000000e3800000, 0x00000000e3800000, 0x00000000e3900000|  0%| F|  |TAMS 0x00000000e3800000| PB 0x00000000e3800000| Untracked 
| 569|0x00000000e3900000, 0x00000000e3900000, 0x00000000e3a00000|  0%| F|  |TAMS 0x00000000e3900000| PB 0x00000000e3900000| Untracked 
| 570|0x00000000e3a00000, 0x00000000e3a00000, 0x00000000e3b00000|  0%| F|  |TAMS 0x00000000e3a00000| PB 0x00000000e3a00000| Untracked 
| 571|0x00000000e3b00000, 0x00000000e3b00000, 0x00000000e3c00000|  0%| F|  |TAMS 0x00000000e3b00000| PB 0x00000000e3b00000| Untracked 
| 572|0x00000000e3c00000, 0x00000000e3c00000, 0x00000000e3d00000|  0%| F|  |TAMS 0x00000000e3c00000| PB 0x00000000e3c00000| Untracked 
| 573|0x00000000e3d00000, 0x00000000e3d00000, 0x00000000e3e00000|  0%| F|  |TAMS 0x00000000e3d00000| PB 0x00000000e3d00000| Untracked 
| 574|0x00000000e3e00000, 0x00000000e3e00000, 0x00000000e3f00000|  0%| F|  |TAMS 0x00000000e3e00000| PB 0x00000000e3e00000| Untracked 
| 575|0x00000000e3f00000, 0x00000000e3f00000, 0x00000000e4000000|  0%| F|  |TAMS 0x00000000e3f00000| PB 0x00000000e3f00000| Untracked 
| 576|0x00000000e4000000, 0x00000000e4000000, 0x00000000e4100000|  0%| F|  |TAMS 0x00000000e4000000| PB 0x00000000e4000000| Untracked 
| 577|0x00000000e4100000, 0x00000000e4100000, 0x00000000e4200000|  0%| F|  |TAMS 0x00000000e4100000| PB 0x00000000e4100000| Untracked 
| 578|0x00000000e4200000, 0x00000000e4200000, 0x00000000e4300000|  0%| F|  |TAMS 0x00000000e4200000| PB 0x00000000e4200000| Untracked 
| 579|0x00000000e4300000, 0x00000000e4300000, 0x00000000e4400000|  0%| F|  |TAMS 0x00000000e4300000| PB 0x00000000e4300000| Untracked 
| 580|0x00000000e4400000, 0x00000000e4400000, 0x00000000e4500000|  0%| F|  |TAMS 0x00000000e4400000| PB 0x00000000e4400000| Untracked 
| 581|0x00000000e4500000, 0x00000000e4500000, 0x00000000e4600000|  0%| F|  |TAMS 0x00000000e4500000| PB 0x00000000e4500000| Untracked 
| 582|0x00000000e4600000, 0x00000000e4600000, 0x00000000e4700000|  0%| F|  |TAMS 0x00000000e4600000| PB 0x00000000e4600000| Untracked 
| 583|0x00000000e4700000, 0x00000000e4700000, 0x00000000e4800000|  0%| F|  |TAMS 0x00000000e4700000| PB 0x00000000e4700000| Untracked 
| 584|0x00000000e4800000, 0x00000000e4800000, 0x00000000e4900000|  0%| F|  |TAMS 0x00000000e4800000| PB 0x00000000e4800000| Untracked 
| 585|0x00000000e4900000, 0x00000000e4900000, 0x00000000e4a00000|  0%| F|  |TAMS 0x00000000e4900000| PB 0x00000000e4900000| Untracked 
| 586|0x00000000e4a00000, 0x00000000e4a00000, 0x00000000e4b00000|  0%| F|  |TAMS 0x00000000e4a00000| PB 0x00000000e4a00000| Untracked 
| 587|0x00000000e4b00000, 0x00000000e4b00000, 0x00000000e4c00000|  0%| F|  |TAMS 0x00000000e4b00000| PB 0x00000000e4b00000| Untracked 
| 588|0x00000000e4c00000, 0x00000000e4c00000, 0x00000000e4d00000|  0%| F|  |TAMS 0x00000000e4c00000| PB 0x00000000e4c00000| Untracked 
| 589|0x00000000e4d00000, 0x00000000e4d00000, 0x00000000e4e00000|  0%| F|  |TAMS 0x00000000e4d00000| PB 0x00000000e4d00000| Untracked 
| 590|0x00000000e4e00000, 0x00000000e4e00000, 0x00000000e4f00000|  0%| F|  |TAMS 0x00000000e4e00000| PB 0x00000000e4e00000| Untracked 
| 591|0x00000000e4f00000, 0x00000000e4f00000, 0x00000000e5000000|  0%| F|  |TAMS 0x00000000e4f00000| PB 0x00000000e4f00000| Untracked 
| 592|0x00000000e5000000, 0x00000000e5000000, 0x00000000e5100000|  0%| F|  |TAMS 0x00000000e5000000| PB 0x00000000e5000000| Untracked 
| 593|0x00000000e5100000, 0x00000000e5100000, 0x00000000e5200000|  0%| F|  |TAMS 0x00000000e5100000| PB 0x00000000e5100000| Untracked 
| 594|0x00000000e5200000, 0x00000000e5200000, 0x00000000e5300000|  0%| F|  |TAMS 0x00000000e5200000| PB 0x00000000e5200000| Untracked 
| 595|0x00000000e5300000, 0x00000000e5300000, 0x00000000e5400000|  0%| F|  |TAMS 0x00000000e5300000| PB 0x00000000e5300000| Untracked 
| 596|0x00000000e5400000, 0x00000000e5400000, 0x00000000e5500000|  0%| F|  |TAMS 0x00000000e5400000| PB 0x00000000e5400000| Untracked 
| 597|0x00000000e5500000, 0x00000000e5500000, 0x00000000e5600000|  0%| F|  |TAMS 0x00000000e5500000| PB 0x00000000e5500000| Untracked 
| 598|0x00000000e5600000, 0x00000000e5600000, 0x00000000e5700000|  0%| F|  |TAMS 0x00000000e5600000| PB 0x00000000e5600000| Untracked 
| 599|0x00000000e5700000, 0x00000000e5700000, 0x00000000e5800000|  0%| F|  |TAMS 0x00000000e5700000| PB 0x00000000e5700000| Untracked 
| 600|0x00000000e5800000, 0x00000000e5800000, 0x00000000e5900000|  0%| F|  |TAMS 0x00000000e5800000| PB 0x00000000e5800000| Untracked 
| 601|0x00000000e5900000, 0x00000000e5900000, 0x00000000e5a00000|  0%| F|  |TAMS 0x00000000e5900000| PB 0x00000000e5900000| Untracked 
| 602|0x00000000e5a00000, 0x00000000e5a00000, 0x00000000e5b00000|  0%| F|  |TAMS 0x00000000e5a00000| PB 0x00000000e5a00000| Untracked 
| 603|0x00000000e5b00000, 0x00000000e5b00000, 0x00000000e5c00000|  0%| F|  |TAMS 0x00000000e5b00000| PB 0x00000000e5b00000| Untracked 
| 604|0x00000000e5c00000, 0x00000000e5c00000, 0x00000000e5d00000|  0%| F|  |TAMS 0x00000000e5c00000| PB 0x00000000e5c00000| Untracked 
| 605|0x00000000e5d00000, 0x00000000e5d00000, 0x00000000e5e00000|  0%| F|  |TAMS 0x00000000e5d00000| PB 0x00000000e5d00000| Untracked 
| 606|0x00000000e5e00000, 0x00000000e5e00000, 0x00000000e5f00000|  0%| F|  |TAMS 0x00000000e5e00000| PB 0x00000000e5e00000| Untracked 
| 607|0x00000000e5f00000, 0x00000000e5f00000, 0x00000000e6000000|  0%| F|  |TAMS 0x00000000e5f00000| PB 0x00000000e5f00000| Untracked 
| 608|0x00000000e6000000, 0x00000000e6000000, 0x00000000e6100000|  0%| F|  |TAMS 0x00000000e6000000| PB 0x00000000e6000000| Untracked 
| 609|0x00000000e6100000, 0x00000000e6100000, 0x00000000e6200000|  0%| F|  |TAMS 0x00000000e6100000| PB 0x00000000e6100000| Untracked 
| 610|0x00000000e6200000, 0x00000000e6200000, 0x00000000e6300000|  0%| F|  |TAMS 0x00000000e6200000| PB 0x00000000e6200000| Untracked 
| 611|0x00000000e6300000, 0x00000000e6300000, 0x00000000e6400000|  0%| F|  |TAMS 0x00000000e6300000| PB 0x00000000e6300000| Untracked 
| 612|0x00000000e6400000, 0x00000000e6400000, 0x00000000e6500000|  0%| F|  |TAMS 0x00000000e6400000| PB 0x00000000e6400000| Untracked 
| 613|0x00000000e6500000, 0x00000000e6500000, 0x00000000e6600000|  0%| F|  |TAMS 0x00000000e6500000| PB 0x00000000e6500000| Untracked 
| 614|0x00000000e6600000, 0x00000000e6600000, 0x00000000e6700000|  0%| F|  |TAMS 0x00000000e6600000| PB 0x00000000e6600000| Untracked 
| 615|0x00000000e6700000, 0x00000000e6700000, 0x00000000e6800000|  0%| F|  |TAMS 0x00000000e6700000| PB 0x00000000e6700000| Untracked 
| 616|0x00000000e6800000, 0x00000000e6800000, 0x00000000e6900000|  0%| F|  |TAMS 0x00000000e6800000| PB 0x00000000e6800000| Untracked 
| 617|0x00000000e6900000, 0x00000000e6900000, 0x00000000e6a00000|  0%| F|  |TAMS 0x00000000e6900000| PB 0x00000000e6900000| Untracked 
| 618|0x00000000e6a00000, 0x00000000e6a00000, 0x00000000e6b00000|  0%| F|  |TAMS 0x00000000e6a00000| PB 0x00000000e6a00000| Untracked 
| 619|0x00000000e6b00000, 0x00000000e6b00000, 0x00000000e6c00000|  0%| F|  |TAMS 0x00000000e6b00000| PB 0x00000000e6b00000| Untracked 
| 620|0x00000000e6c00000, 0x00000000e6c00000, 0x00000000e6d00000|  0%| F|  |TAMS 0x00000000e6c00000| PB 0x00000000e6c00000| Untracked 
| 621|0x00000000e6d00000, 0x00000000e6d00000, 0x00000000e6e00000|  0%| F|  |TAMS 0x00000000e6d00000| PB 0x00000000e6d00000| Untracked 
| 622|0x00000000e6e00000, 0x00000000e6e00000, 0x00000000e6f00000|  0%| F|  |TAMS 0x00000000e6e00000| PB 0x00000000e6e00000| Untracked 
| 623|0x00000000e6f00000, 0x00000000e6f00000, 0x00000000e7000000|  0%| F|  |TAMS 0x00000000e6f00000| PB 0x00000000e6f00000| Untracked 
| 624|0x00000000e7000000, 0x00000000e7000000, 0x00000000e7100000|  0%| F|  |TAMS 0x00000000e7000000| PB 0x00000000e7000000| Untracked 
| 625|0x00000000e7100000, 0x00000000e7100000, 0x00000000e7200000|  0%| F|  |TAMS 0x00000000e7100000| PB 0x00000000e7100000| Untracked 
| 626|0x00000000e7200000, 0x00000000e7200000, 0x00000000e7300000|  0%| F|  |TAMS 0x00000000e7200000| PB 0x00000000e7200000| Untracked 
| 627|0x00000000e7300000, 0x00000000e7300000, 0x00000000e7400000|  0%| F|  |TAMS 0x00000000e7300000| PB 0x00000000e7300000| Untracked 
| 628|0x00000000e7400000, 0x00000000e7400000, 0x00000000e7500000|  0%| F|  |TAMS 0x00000000e7400000| PB 0x00000000e7400000| Untracked 
| 629|0x00000000e7500000, 0x00000000e7500000, 0x00000000e7600000|  0%| F|  |TAMS 0x00000000e7500000| PB 0x00000000e7500000| Untracked 
| 630|0x00000000e7600000, 0x00000000e7600000, 0x00000000e7700000|  0%| F|  |TAMS 0x00000000e7600000| PB 0x00000000e7600000| Untracked 
| 631|0x00000000e7700000, 0x00000000e7700000, 0x00000000e7800000|  0%| F|  |TAMS 0x00000000e7700000| PB 0x00000000e7700000| Untracked 
| 632|0x00000000e7800000, 0x00000000e7800000, 0x00000000e7900000|  0%| F|  |TAMS 0x00000000e7800000| PB 0x00000000e7800000| Untracked 
| 633|0x00000000e7900000, 0x00000000e7900000, 0x00000000e7a00000|  0%| F|  |TAMS 0x00000000e7900000| PB 0x00000000e7900000| Untracked 
| 634|0x00000000e7a00000, 0x00000000e7a00000, 0x00000000e7b00000|  0%| F|  |TAMS 0x00000000e7a00000| PB 0x00000000e7a00000| Untracked 
| 635|0x00000000e7b00000, 0x00000000e7b00000, 0x00000000e7c00000|  0%| F|  |TAMS 0x00000000e7b00000| PB 0x00000000e7b00000| Untracked 
| 636|0x00000000e7c00000, 0x00000000e7c00000, 0x00000000e7d00000|  0%| F|  |TAMS 0x00000000e7c00000| PB 0x00000000e7c00000| Untracked 
| 637|0x00000000e7d00000, 0x00000000e7d00000, 0x00000000e7e00000|  0%| F|  |TAMS 0x00000000e7d00000| PB 0x00000000e7d00000| Untracked 
| 638|0x00000000e7e00000, 0x00000000e7e00000, 0x00000000e7f00000|  0%| F|  |TAMS 0x00000000e7e00000| PB 0x00000000e7e00000| Untracked 
| 639|0x00000000e7f00000, 0x00000000e7f00000, 0x00000000e8000000|  0%| F|  |TAMS 0x00000000e7f00000| PB 0x00000000e7f00000| Untracked 
| 640|0x00000000e8000000, 0x00000000e8000000, 0x00000000e8100000|  0%| F|  |TAMS 0x00000000e8000000| PB 0x00000000e8000000| Untracked 
| 641|0x00000000e8100000, 0x00000000e8100000, 0x00000000e8200000|  0%| F|  |TAMS 0x00000000e8100000| PB 0x00000000e8100000| Untracked 
| 642|0x00000000e8200000, 0x00000000e8200000, 0x00000000e8300000|  0%| F|  |TAMS 0x00000000e8200000| PB 0x00000000e8200000| Untracked 
| 643|0x00000000e8300000, 0x00000000e8300000, 0x00000000e8400000|  0%| F|  |TAMS 0x00000000e8300000| PB 0x00000000e8300000| Untracked 
| 644|0x00000000e8400000, 0x00000000e8400000, 0x00000000e8500000|  0%| F|  |TAMS 0x00000000e8400000| PB 0x00000000e8400000| Untracked 
| 645|0x00000000e8500000, 0x00000000e8500000, 0x00000000e8600000|  0%| F|  |TAMS 0x00000000e8500000| PB 0x00000000e8500000| Untracked 
| 646|0x00000000e8600000, 0x00000000e8600000, 0x00000000e8700000|  0%| F|  |TAMS 0x00000000e8600000| PB 0x00000000e8600000| Untracked 
| 647|0x00000000e8700000, 0x00000000e8700000, 0x00000000e8800000|  0%| F|  |TAMS 0x00000000e8700000| PB 0x00000000e8700000| Untracked 
| 648|0x00000000e8800000, 0x00000000e8800000, 0x00000000e8900000|  0%| F|  |TAMS 0x00000000e8800000| PB 0x00000000e8800000| Untracked 
| 649|0x00000000e8900000, 0x00000000e8900000, 0x00000000e8a00000|  0%| F|  |TAMS 0x00000000e8900000| PB 0x00000000e8900000| Untracked 
| 650|0x00000000e8a00000, 0x00000000e8a00000, 0x00000000e8b00000|  0%| F|  |TAMS 0x00000000e8a00000| PB 0x00000000e8a00000| Untracked 
| 651|0x00000000e8b00000, 0x00000000e8b00000, 0x00000000e8c00000|  0%| F|  |TAMS 0x00000000e8b00000| PB 0x00000000e8b00000| Untracked 
| 652|0x00000000e8c00000, 0x00000000e8c00000, 0x00000000e8d00000|  0%| F|  |TAMS 0x00000000e8c00000| PB 0x00000000e8c00000| Untracked 
| 653|0x00000000e8d00000, 0x00000000e8d00000, 0x00000000e8e00000|  0%| F|  |TAMS 0x00000000e8d00000| PB 0x00000000e8d00000| Untracked 
| 654|0x00000000e8e00000, 0x00000000e8e00000, 0x00000000e8f00000|  0%| F|  |TAMS 0x00000000e8e00000| PB 0x00000000e8e00000| Untracked 
| 655|0x00000000e8f00000, 0x00000000e8f00000, 0x00000000e9000000|  0%| F|  |TAMS 0x00000000e8f00000| PB 0x00000000e8f00000| Untracked 
| 656|0x00000000e9000000, 0x00000000e9000000, 0x00000000e9100000|  0%| F|  |TAMS 0x00000000e9000000| PB 0x00000000e9000000| Untracked 
| 657|0x00000000e9100000, 0x00000000e9100000, 0x00000000e9200000|  0%| F|  |TAMS 0x00000000e9100000| PB 0x00000000e9100000| Untracked 
| 658|0x00000000e9200000, 0x00000000e9200000, 0x00000000e9300000|  0%| F|  |TAMS 0x00000000e9200000| PB 0x00000000e9200000| Untracked 
| 659|0x00000000e9300000, 0x00000000e9300000, 0x00000000e9400000|  0%| F|  |TAMS 0x00000000e9300000| PB 0x00000000e9300000| Untracked 
| 660|0x00000000e9400000, 0x00000000e9400000, 0x00000000e9500000|  0%| F|  |TAMS 0x00000000e9400000| PB 0x00000000e9400000| Untracked 
| 661|0x00000000e9500000, 0x00000000e9500000, 0x00000000e9600000|  0%| F|  |TAMS 0x00000000e9500000| PB 0x00000000e9500000| Untracked 
| 662|0x00000000e9600000, 0x00000000e9600000, 0x00000000e9700000|  0%| F|  |TAMS 0x00000000e9600000| PB 0x00000000e9600000| Untracked 
| 663|0x00000000e9700000, 0x00000000e9700000, 0x00000000e9800000|  0%| F|  |TAMS 0x00000000e9700000| PB 0x00000000e9700000| Untracked 
| 664|0x00000000e9800000, 0x00000000e9800000, 0x00000000e9900000|  0%| F|  |TAMS 0x00000000e9800000| PB 0x00000000e9800000| Untracked 
| 665|0x00000000e9900000, 0x00000000e9900000, 0x00000000e9a00000|  0%| F|  |TAMS 0x00000000e9900000| PB 0x00000000e9900000| Untracked 
| 666|0x00000000e9a00000, 0x00000000e9a00000, 0x00000000e9b00000|  0%| F|  |TAMS 0x00000000e9a00000| PB 0x00000000e9a00000| Untracked 
| 667|0x00000000e9b00000, 0x00000000e9b00000, 0x00000000e9c00000|  0%| F|  |TAMS 0x00000000e9b00000| PB 0x00000000e9b00000| Untracked 
| 668|0x00000000e9c00000, 0x00000000e9c00000, 0x00000000e9d00000|  0%| F|  |TAMS 0x00000000e9c00000| PB 0x00000000e9c00000| Untracked 
| 669|0x00000000e9d00000, 0x00000000e9d00000, 0x00000000e9e00000|  0%| F|  |TAMS 0x00000000e9d00000| PB 0x00000000e9d00000| Untracked 
| 670|0x00000000e9e00000, 0x00000000e9e00000, 0x00000000e9f00000|  0%| F|  |TAMS 0x00000000e9e00000| PB 0x00000000e9e00000| Untracked 
| 671|0x00000000e9f00000, 0x00000000e9f00000, 0x00000000ea000000|  0%| F|  |TAMS 0x00000000e9f00000| PB 0x00000000e9f00000| Untracked 
| 672|0x00000000ea000000, 0x00000000ea000000, 0x00000000ea100000|  0%| F|  |TAMS 0x00000000ea000000| PB 0x00000000ea000000| Untracked 
| 673|0x00000000ea100000, 0x00000000ea100000, 0x00000000ea200000|  0%| F|  |TAMS 0x00000000ea100000| PB 0x00000000ea100000| Untracked 
| 674|0x00000000ea200000, 0x00000000ea200000, 0x00000000ea300000|  0%| F|  |TAMS 0x00000000ea200000| PB 0x00000000ea200000| Untracked 
| 675|0x00000000ea300000, 0x00000000ea300000, 0x00000000ea400000|  0%| F|  |TAMS 0x00000000ea300000| PB 0x00000000ea300000| Untracked 
| 676|0x00000000ea400000, 0x00000000ea400000, 0x00000000ea500000|  0%| F|  |TAMS 0x00000000ea400000| PB 0x00000000ea400000| Untracked 
| 677|0x00000000ea500000, 0x00000000ea500000, 0x00000000ea600000|  0%| F|  |TAMS 0x00000000ea500000| PB 0x00000000ea500000| Untracked 
| 678|0x00000000ea600000, 0x00000000ea600000, 0x00000000ea700000|  0%| F|  |TAMS 0x00000000ea600000| PB 0x00000000ea600000| Untracked 
| 679|0x00000000ea700000, 0x00000000ea700000, 0x00000000ea800000|  0%| F|  |TAMS 0x00000000ea700000| PB 0x00000000ea700000| Untracked 
| 680|0x00000000ea800000, 0x00000000ea800000, 0x00000000ea900000|  0%| F|  |TAMS 0x00000000ea800000| PB 0x00000000ea800000| Untracked 
| 681|0x00000000ea900000, 0x00000000ea900000, 0x00000000eaa00000|  0%| F|  |TAMS 0x00000000ea900000| PB 0x00000000ea900000| Untracked 
| 682|0x00000000eaa00000, 0x00000000eaa00000, 0x00000000eab00000|  0%| F|  |TAMS 0x00000000eaa00000| PB 0x00000000eaa00000| Untracked 
| 683|0x00000000eab00000, 0x00000000eab00000, 0x00000000eac00000|  0%| F|  |TAMS 0x00000000eab00000| PB 0x00000000eab00000| Untracked 
| 684|0x00000000eac00000, 0x00000000eac00000, 0x00000000ead00000|  0%| F|  |TAMS 0x00000000eac00000| PB 0x00000000eac00000| Untracked 
| 685|0x00000000ead00000, 0x00000000ead00000, 0x00000000eae00000|  0%| F|  |TAMS 0x00000000ead00000| PB 0x00000000ead00000| Untracked 
| 686|0x00000000eae00000, 0x00000000eae00000, 0x00000000eaf00000|  0%| F|  |TAMS 0x00000000eae00000| PB 0x00000000eae00000| Untracked 
| 687|0x00000000eaf00000, 0x00000000eaf00000, 0x00000000eb000000|  0%| F|  |TAMS 0x00000000eaf00000| PB 0x00000000eaf00000| Untracked 
| 688|0x00000000eb000000, 0x00000000eb000000, 0x00000000eb100000|  0%| F|  |TAMS 0x00000000eb000000| PB 0x00000000eb000000| Untracked 
| 689|0x00000000eb100000, 0x00000000eb100000, 0x00000000eb200000|  0%| F|  |TAMS 0x00000000eb100000| PB 0x00000000eb100000| Untracked 
| 690|0x00000000eb200000, 0x00000000eb200000, 0x00000000eb300000|  0%| F|  |TAMS 0x00000000eb200000| PB 0x00000000eb200000| Untracked 
| 691|0x00000000eb300000, 0x00000000eb300000, 0x00000000eb400000|  0%| F|  |TAMS 0x00000000eb300000| PB 0x00000000eb300000| Untracked 
| 692|0x00000000eb400000, 0x00000000eb400000, 0x00000000eb500000|  0%| F|  |TAMS 0x00000000eb400000| PB 0x00000000eb400000| Untracked 
| 693|0x00000000eb500000, 0x00000000eb500000, 0x00000000eb600000|  0%| F|  |TAMS 0x00000000eb500000| PB 0x00000000eb500000| Untracked 
| 694|0x00000000eb600000, 0x00000000eb600000, 0x00000000eb700000|  0%| F|  |TAMS 0x00000000eb600000| PB 0x00000000eb600000| Untracked 
| 695|0x00000000eb700000, 0x00000000eb700000, 0x00000000eb800000|  0%| F|  |TAMS 0x00000000eb700000| PB 0x00000000eb700000| Untracked 
| 696|0x00000000eb800000, 0x00000000eb800000, 0x00000000eb900000|  0%| F|  |TAMS 0x00000000eb800000| PB 0x00000000eb800000| Untracked 
| 697|0x00000000eb900000, 0x00000000eb900000, 0x00000000eba00000|  0%| F|  |TAMS 0x00000000eb900000| PB 0x00000000eb900000| Untracked 
| 698|0x00000000eba00000, 0x00000000eba00000, 0x00000000ebb00000|  0%| F|  |TAMS 0x00000000eba00000| PB 0x00000000eba00000| Untracked 
| 699|0x00000000ebb00000, 0x00000000ebb00000, 0x00000000ebc00000|  0%| F|  |TAMS 0x00000000ebb00000| PB 0x00000000ebb00000| Untracked 
| 700|0x00000000ebc00000, 0x00000000ebc00000, 0x00000000ebd00000|  0%| F|  |TAMS 0x00000000ebc00000| PB 0x00000000ebc00000| Untracked 
| 701|0x00000000ebd00000, 0x00000000ebd00000, 0x00000000ebe00000|  0%| F|  |TAMS 0x00000000ebd00000| PB 0x00000000ebd00000| Untracked 
| 702|0x00000000ebe00000, 0x00000000ebe00000, 0x00000000ebf00000|  0%| F|  |TAMS 0x00000000ebe00000| PB 0x00000000ebe00000| Untracked 
| 703|0x00000000ebf00000, 0x00000000ebf00000, 0x00000000ec000000|  0%| F|  |TAMS 0x00000000ebf00000| PB 0x00000000ebf00000| Untracked 
| 704|0x00000000ec000000, 0x00000000ec000000, 0x00000000ec100000|  0%| F|  |TAMS 0x00000000ec000000| PB 0x00000000ec000000| Untracked 
| 705|0x00000000ec100000, 0x00000000ec100000, 0x00000000ec200000|  0%| F|  |TAMS 0x00000000ec100000| PB 0x00000000ec100000| Untracked 
| 706|0x00000000ec200000, 0x00000000ec200000, 0x00000000ec300000|  0%| F|  |TAMS 0x00000000ec200000| PB 0x00000000ec200000| Untracked 
| 707|0x00000000ec300000, 0x00000000ec300000, 0x00000000ec400000|  0%| F|  |TAMS 0x00000000ec300000| PB 0x00000000ec300000| Untracked 
| 708|0x00000000ec400000, 0x00000000ec400000, 0x00000000ec500000|  0%| F|  |TAMS 0x00000000ec400000| PB 0x00000000ec400000| Untracked 
| 709|0x00000000ec500000, 0x00000000ec500000, 0x00000000ec600000|  0%| F|  |TAMS 0x00000000ec500000| PB 0x00000000ec500000| Untracked 
| 710|0x00000000ec600000, 0x00000000ec600000, 0x00000000ec700000|  0%| F|  |TAMS 0x00000000ec600000| PB 0x00000000ec600000| Untracked 
| 711|0x00000000ec700000, 0x00000000ec700000, 0x00000000ec800000|  0%| F|  |TAMS 0x00000000ec700000| PB 0x00000000ec700000| Untracked 
| 712|0x00000000ec800000, 0x00000000ec800000, 0x00000000ec900000|  0%| F|  |TAMS 0x00000000ec800000| PB 0x00000000ec800000| Untracked 
| 713|0x00000000ec900000, 0x00000000ec900000, 0x00000000eca00000|  0%| F|  |TAMS 0x00000000ec900000| PB 0x00000000ec900000| Untracked 
| 714|0x00000000eca00000, 0x00000000eca00000, 0x00000000ecb00000|  0%| F|  |TAMS 0x00000000eca00000| PB 0x00000000eca00000| Untracked 
| 715|0x00000000ecb00000, 0x00000000ecb00000, 0x00000000ecc00000|  0%| F|  |TAMS 0x00000000ecb00000| PB 0x00000000ecb00000| Untracked 
| 716|0x00000000ecc00000, 0x00000000ecc00000, 0x00000000ecd00000|  0%| F|  |TAMS 0x00000000ecc00000| PB 0x00000000ecc00000| Untracked 
| 717|0x00000000ecd00000, 0x00000000ecd00000, 0x00000000ece00000|  0%| F|  |TAMS 0x00000000ecd00000| PB 0x00000000ecd00000| Untracked 
| 718|0x00000000ece00000, 0x00000000ece00000, 0x00000000ecf00000|  0%| F|  |TAMS 0x00000000ece00000| PB 0x00000000ece00000| Untracked 
| 719|0x00000000ecf00000, 0x00000000ecf00000, 0x00000000ed000000|  0%| F|  |TAMS 0x00000000ecf00000| PB 0x00000000ecf00000| Untracked 
| 720|0x00000000ed000000, 0x00000000ed000000, 0x00000000ed100000|  0%| F|  |TAMS 0x00000000ed000000| PB 0x00000000ed000000| Untracked 
| 721|0x00000000ed100000, 0x00000000ed100000, 0x00000000ed200000|  0%| F|  |TAMS 0x00000000ed100000| PB 0x00000000ed100000| Untracked 
| 722|0x00000000ed200000, 0x00000000ed200000, 0x00000000ed300000|  0%| F|  |TAMS 0x00000000ed200000| PB 0x00000000ed200000| Untracked 
| 723|0x00000000ed300000, 0x00000000ed300000, 0x00000000ed400000|  0%| F|  |TAMS 0x00000000ed300000| PB 0x00000000ed300000| Untracked 
| 982|0x00000000fd600000, 0x00000000fd600000, 0x00000000fd700000|  0%| F|  |TAMS 0x00000000fd600000| PB 0x00000000fd600000| Untracked 
| 983|0x00000000fd700000, 0x00000000fd700000, 0x00000000fd800000|  0%| F|  |TAMS 0x00000000fd700000| PB 0x00000000fd700000| Untracked 
| 984|0x00000000fd800000, 0x00000000fd800000, 0x00000000fd900000|  0%| F|  |TAMS 0x00000000fd800000| PB 0x00000000fd800000| Untracked 
| 985|0x00000000fd900000, 0x00000000fd900000, 0x00000000fda00000|  0%| F|  |TAMS 0x00000000fd900000| PB 0x00000000fd900000| Untracked 
| 986|0x00000000fda00000, 0x00000000fda00000, 0x00000000fdb00000|  0%| F|  |TAMS 0x00000000fda00000| PB 0x00000000fda00000| Untracked 
| 987|0x00000000fdb00000, 0x00000000fdb00000, 0x00000000fdc00000|  0%| F|  |TAMS 0x00000000fdb00000| PB 0x00000000fdb00000| Untracked 
| 988|0x00000000fdc00000, 0x00000000fdc00000, 0x00000000fdd00000|  0%| F|  |TAMS 0x00000000fdc00000| PB 0x00000000fdc00000| Untracked 
| 989|0x00000000fdd00000, 0x00000000fde00000, 0x00000000fde00000|100%| O|  |TAMS 0x00000000fdd00000| PB 0x00000000fdd00000| Untracked 
| 990|0x00000000fde00000, 0x00000000fde00000, 0x00000000fdf00000|  0%| F|  |TAMS 0x00000000fde00000| PB 0x00000000fde00000| Untracked 
| 991|0x00000000fdf00000, 0x00000000fe000000, 0x00000000fe000000|100%| O|  |TAMS 0x00000000fdf00000| PB 0x00000000fdf00000| Untracked 
| 992|0x00000000fe000000, 0x00000000fe000000, 0x00000000fe100000|  0%| F|  |TAMS 0x00000000fe000000| PB 0x00000000fe000000| Untracked 
| 993|0x00000000fe100000, 0x00000000fe100000, 0x00000000fe200000|  0%| F|  |TAMS 0x00000000fe100000| PB 0x00000000fe100000| Untracked 
| 994|0x00000000fe200000, 0x00000000fe200000, 0x00000000fe300000|  0%| F|  |TAMS 0x00000000fe200000| PB 0x00000000fe200000| Untracked 
| 995|0x00000000fe300000, 0x00000000fe300000, 0x00000000fe400000|  0%| F|  |TAMS 0x00000000fe300000| PB 0x00000000fe300000| Untracked 
| 996|0x00000000fe400000, 0x00000000fe400000, 0x00000000fe500000|  0%| F|  |TAMS 0x00000000fe400000| PB 0x00000000fe400000| Untracked 
| 997|0x00000000fe500000, 0x00000000fe500000, 0x00000000fe600000|  0%| F|  |TAMS 0x00000000fe500000| PB 0x00000000fe500000| Untracked 
| 998|0x00000000fe600000, 0x00000000fe600000, 0x00000000fe700000|  0%| F|  |TAMS 0x00000000fe600000| PB 0x00000000fe600000| Untracked 
| 999|0x00000000fe700000, 0x00000000fe700000, 0x00000000fe800000|  0%| F|  |TAMS 0x00000000fe700000| PB 0x00000000fe700000| Untracked 
|1000|0x00000000fe800000, 0x00000000fe800000, 0x00000000fe900000|  0%| F|  |TAMS 0x00000000fe800000| PB 0x00000000fe800000| Untracked 
|1001|0x00000000fe900000, 0x00000000fe900000, 0x00000000fea00000|  0%| F|  |TAMS 0x00000000fe900000| PB 0x00000000fe900000| Untracked 
|1002|0x00000000fea00000, 0x00000000fea00000, 0x00000000feb00000|  0%| F|  |TAMS 0x00000000fea00000| PB 0x00000000fea00000| Untracked 
|1003|0x00000000feb00000, 0x00000000feb00000, 0x00000000fec00000|  0%| F|  |TAMS 0x00000000feb00000| PB 0x00000000feb00000| Untracked 
|1004|0x00000000fec00000, 0x00000000fec00000, 0x00000000fed00000|  0%| F|  |TAMS 0x00000000fec00000| PB 0x00000000fec00000| Untracked 
|1005|0x00000000fed00000, 0x00000000fed00000, 0x00000000fee00000|  0%| F|  |TAMS 0x00000000fed00000| PB 0x00000000fed00000| Untracked 
|1006|0x00000000fee00000, 0x00000000fee00000, 0x00000000fef00000|  0%| F|  |TAMS 0x00000000fee00000| PB 0x00000000fee00000| Untracked 
|1007|0x00000000fef00000, 0x00000000fef00000, 0x00000000ff000000|  0%| F|  |TAMS 0x00000000fef00000| PB 0x00000000fef00000| Untracked 
|1008|0x00000000ff000000, 0x00000000ff000000, 0x00000000ff100000|  0%| F|  |TAMS 0x00000000ff000000| PB 0x00000000ff000000| Untracked 
|1009|0x00000000ff100000, 0x00000000ff100000, 0x00000000ff200000|  0%| F|  |TAMS 0x00000000ff100000| PB 0x00000000ff100000| Untracked 
|1010|0x00000000ff200000, 0x00000000ff200000, 0x00000000ff300000|  0%| F|  |TAMS 0x00000000ff200000| PB 0x00000000ff200000| Untracked 
|1011|0x00000000ff300000, 0x00000000ff300000, 0x00000000ff400000|  0%| F|  |TAMS 0x00000000ff300000| PB 0x00000000ff300000| Untracked 
|1012|0x00000000ff400000, 0x00000000ff400000, 0x00000000ff500000|  0%| F|  |TAMS 0x00000000ff400000| PB 0x00000000ff400000| Untracked 
|1013|0x00000000ff500000, 0x00000000ff500000, 0x00000000ff600000|  0%| F|  |TAMS 0x00000000ff500000| PB 0x00000000ff500000| Untracked 
|1014|0x00000000ff600000, 0x00000000ff600000, 0x00000000ff700000|  0%| F|  |TAMS 0x00000000ff600000| PB 0x00000000ff600000| Untracked 
|1015|0x00000000ff700000, 0x00000000ff700000, 0x00000000ff800000|  0%| F|  |TAMS 0x00000000ff700000| PB 0x00000000ff700000| Untracked 
|1016|0x00000000ff800000, 0x00000000ff800000, 0x00000000ff900000|  0%| F|  |TAMS 0x00000000ff800000| PB 0x00000000ff800000| Untracked 
|1017|0x00000000ff900000, 0x00000000ff900000, 0x00000000ffa00000|  0%| F|  |TAMS 0x00000000ff900000| PB 0x00000000ff900000| Untracked 
|1018|0x00000000ffa00000, 0x00000000ffa00000, 0x00000000ffb00000|  0%| F|  |TAMS 0x00000000ffa00000| PB 0x00000000ffa00000| Untracked 
|1019|0x00000000ffb00000, 0x00000000ffb00000, 0x00000000ffc00000|  0%| F|  |TAMS 0x00000000ffb00000| PB 0x00000000ffb00000| Untracked 
|1020|0x00000000ffc00000, 0x00000000ffc00000, 0x00000000ffd00000|  0%| F|  |TAMS 0x00000000ffc00000| PB 0x00000000ffc00000| Untracked 
|1021|0x00000000ffd00000, 0x00000000ffd02df0, 0x00000000ffe00000|  1%| E|  |TAMS 0x00000000ffd00000| PB 0x00000000ffd00000| Complete 
|1022|0x00000000ffe00000, 0x00000000fff00000, 0x00000000fff00000|100%| E|CS|TAMS 0x00000000ffe00000| PB 0x00000000ffe00000| Complete 
|1023|0x00000000fff00000, 0x0000000100000000, 0x0000000100000000|100%| E|CS|TAMS 0x00000000fff00000| PB 0x00000000fff00000| Complete 

Card table byte_map: [0x00000263c1080000,0x00000263c1280000] _byte_map_base: 0x00000263c0a80000

Marking Bits: (CMBitMap*) 0x000002639b8b4cc0
 Bits: [0x00000263c1280000, 0x00000263c2280000)

Polling page: 0x0000026399fd0000

Metaspace:

Usage:
  Non-class:    393.36 MB used.
      Class:     56.88 MB used.
       Both:    450.25 MB used.

Virtual space:
  Non-class space:      448.00 MB reserved,     397.00 MB ( 89%) committed,  7 nodes.
      Class space:        1.00 GB reserved,      59.62 MB (  6%) committed,  1 nodes.
             Both:        1.44 GB reserved,     456.62 MB ( 31%) committed. 

Chunk freelists:
   Non-Class:  2.86 MB
       Class:  4.32 MB
        Both:  7.18 MB

MaxMetaspaceSize: unlimited
CompressedClassSpaceSize: 1.00 GB
Initial GC threshold: 21.00 MB
Current GC threshold: 761.06 MB
CDS: on
 - commit_granule_bytes: 65536.
 - commit_granule_words: 8192.
 - virtual_space_node_default_size: 8388608.
 - enlarge_chunks_in_place: 1.
 - use_allocation_guard: 0.


Internal statistics:

num_allocs_failed_limit: 9.
num_arena_births: 10846.
num_arena_deaths: 5522.
num_vsnodes_births: 8.
num_vsnodes_deaths: 0.
num_space_committed: 7308.
num_space_uncommitted: 8.
num_chunks_returned_to_freelist: 7398.
num_chunks_taken_from_freelist: 39935.
num_chunk_merges: 2094.
num_chunk_splits: 20139.
num_chunks_enlarged: 8727.
num_inconsistent_stats: 0.

CodeHeap 'non-profiled nmethods': size=259328Kb used=27769Kb max_used=29228Kb free=231558Kb
 bounds [0x00000263aff50000, 0x00000263b1be0000, 0x00000263bfc90000]
CodeHeap 'profiled nmethods': size=259264Kb used=61784Kb max_used=71566Kb free=197479Kb
 bounds [0x000002639fc90000, 0x00000263a4290000, 0x00000263af9c0000]
CodeHeap 'non-nmethods': size=5696Kb used=3572Kb max_used=3623Kb free=2123Kb
 bounds [0x00000263af9c0000, 0x00000263afd60000, 0x00000263aff50000]
 total_blobs=31838 nmethods=29651 adapters=2085
 compilation: enabled
              stopped_count=0, restarted_count=0
 full_count=0

Compilation events (20 events):
Event: 6703.050 Thread 0x00000263c54229d0 nmethod 83031 0x00000263a4283910 code [0x00000263a4283ac0, 0x00000263a4283d58]
Event: 6703.050 Thread 0x00000263c54229d0 83034       3       javax.crypto.Cipher::getTransform (58 bytes)
Event: 6703.050 Thread 0x00000263c54229d0 nmethod 83034 0x00000263a4283e90 code [0x00000263a4284120, 0x00000263a4284b60]
Event: 6703.050 Thread 0x00000263c54229d0 83016       3       com.sun.crypto.provider.GHASH::update (140 bytes)
Event: 6703.051 Thread 0x00000263c54229d0 nmethod 83016 0x00000263a4284f90 code [0x00000263a4285280, 0x00000263a4286110]
Event: 6703.051 Thread 0x00000263c54229d0 83018       1       sun.security.util.DerOutputStream::buf (5 bytes)
Event: 6703.051 Thread 0x00000263c54229d0 nmethod 83018 0x00000263b1bd7d10 code [0x00000263b1bd7ea0, 0x00000263b1bd7f68]
Event: 6703.051 Thread 0x00000263c54229d0 83013       1       com.sun.crypto.provider.AESCrypt::getBlockSize (3 bytes)
Event: 6703.051 Thread 0x00000263c54229d0 nmethod 83013 0x00000263b1bd8010 code [0x00000263b1bd81a0, 0x00000263b1bd8268]
Event: 6703.051 Thread 0x00000263c54229d0 83024       3       jdk.internal.icu.text.NormalizerBase::toMode (83 bytes)
Event: 6703.051 Thread 0x00000263c54229d0 nmethod 83024 0x00000263a4286590 code [0x00000263a4286800, 0x00000263a42870e0]
Event: 6703.068 Thread 0x00000263c54229d0 83037       3       com.sun.crypto.provider.SymmetricCipher::<init> (5 bytes)
Event: 6703.068 Thread 0x00000263c54229d0 nmethod 83037 0x00000263a4287410 code [0x00000263a42875c0, 0x00000263a4287728]
Event: 6703.073 Thread 0x00000263c541ff30 nmethod 83027% 0x00000263b1bd8310 code [0x00000263b1bd8560, 0x00000263b1bd9e68]
Event: 6703.073 Thread 0x00000263c54229d0 83038       3       org.tukaani.xz.lzma.LZMADecoder$LengthDecoder::decode (100 bytes)
Event: 6703.074 Thread 0x00000263c54229d0 nmethod 83038 0x00000263a4287810 code [0x00000263a4287a40, 0x00000263a4288100]
Event: 6703.074 Thread 0x00000263c541ff30 83039       4       com.fasterxml.jackson.core.json.UTF8StreamJsonParser::_updateNameLocation (29 bytes)
Event: 6703.074 Thread 0x00000263c54229d0 83040       3       com.fasterxml.jackson.core.json.UTF8StreamJsonParser::nextFieldName (535 bytes)
Event: 6703.074 Thread 0x00000263c541ff30 nmethod 83039 0x00000263b1bdae10 code [0x00000263b1bdafa0, 0x00000263b1bdb048]
Event: 6703.075 Thread 0x00000263c54229d0 nmethod 83040 0x00000263a4288410 code [0x00000263a4288980, 0x00000263a428ad40]

GC Heap History (20 events):
Event: 6137.269 GC heap before
{Heap before GC invocations=92 (full 7):
 garbage-first heap   total 784384K, used 397472K [0x00000000c0000000, 0x0000000100000000)
  region size 1024K, 70 young (71680K), 29 survivors (29696K)
 Metaspace       used 453349K, committed 459520K, reserved 1507328K
  class space    used 57575K, committed 60224K, reserved 1048576K
}
Event: 6137.276 GC heap after
{Heap after GC invocations=93 (full 7):
 garbage-first heap   total 784384K, used 355915K [0x00000000c0000000, 0x0000000100000000)
  region size 1024K, 12 young (12288K), 12 survivors (12288K)
 Metaspace       used 453349K, committed 459520K, reserved 1507328K
  class space    used 57575K, committed 60224K, reserved 1048576K
}
Event: 6155.227 GC heap before
{Heap before GC invocations=94 (full 7):
 garbage-first heap   total 784384K, used 734795K [0x00000000c0000000, 0x0000000100000000)
  region size 1024K, 371 young (379904K), 12 survivors (12288K)
 Metaspace       used 454257K, committed 460416K, reserved 1507328K
  class space    used 57628K, committed 60288K, reserved 1048576K
}
Event: 6155.360 GC heap after
{Heap after GC invocations=95 (full 8):
 garbage-first heap   total 784384K, used 330194K [0x00000000c0000000, 0x0000000100000000)
  region size 1024K, 0 young (0K), 0 survivors (0K)
 Metaspace       used 454123K, committed 460416K, reserved 1507328K
  class space    used 57599K, committed 60288K, reserved 1048576K
}
Event: 6252.895 GC heap before
{Heap before GC invocations=95 (full 8):
 garbage-first heap   total 784384K, used 662994K [0x00000000c0000000, 0x0000000100000000)
  region size 1024K, 327 young (334848K), 0 survivors (0K)
 Metaspace       used 454706K, committed 460800K, reserved 1507328K
  class space    used 57632K, committed 60288K, reserved 1048576K
}
Event: 6253.000 GC heap after
{Heap after GC invocations=96 (full 9):
 garbage-first heap   total 784384K, used 333875K [0x00000000c0000000, 0x0000000100000000)
  region size 1024K, 0 young (0K), 0 survivors (0K)
 Metaspace       used 454706K, committed 460800K, reserved 1507328K
  class space    used 57632K, committed 60288K, reserved 1048576K
}
Event: 6280.248 GC heap before
{Heap before GC invocations=96 (full 9):
 garbage-first heap   total 784384K, used 396339K [0x00000000c0000000, 0x0000000100000000)
  region size 1024K, 62 young (63488K), 0 survivors (0K)
 Metaspace       used 454857K, committed 460928K, reserved 1507328K
  class space    used 57649K, committed 60288K, reserved 1048576K
}
Event: 6280.251 GC heap after
{Heap after GC invocations=97 (full 9):
 garbage-first heap   total 784384K, used 336464K [0x00000000c0000000, 0x0000000100000000)
  region size 1024K, 3 young (3072K), 3 survivors (3072K)
 Metaspace       used 454857K, committed 460928K, reserved 1507328K
  class space    used 57649K, committed 60288K, reserved 1048576K
}
Event: 6305.876 GC heap before
{Heap before GC invocations=98 (full 9):
 garbage-first heap   total 784384K, used 736848K [0x00000000c0000000, 0x0000000100000000)
  region size 1024K, 389 young (398336K), 3 survivors (3072K)
 Metaspace       used 455161K, committed 461248K, reserved 1507328K
  class space    used 57642K, committed 60352K, reserved 1048576K
}
Event: 6305.884 GC heap after
{Heap after GC invocations=99 (full 9):
 garbage-first heap   total 784384K, used 364762K [0x00000000c0000000, 0x0000000100000000)
  region size 1024K, 31 young (31744K), 31 survivors (31744K)
 Metaspace       used 455161K, committed 461248K, reserved 1507328K
  class space    used 57642K, committed 60352K, reserved 1048576K
}
Event: 6464.091 GC heap before
{Heap before GC invocations=99 (full 9):
 garbage-first heap   total 784384K, used 576730K [0x00000000c0000000, 0x0000000100000000)
  region size 1024K, 230 young (235520K), 31 survivors (31744K)
 Metaspace       used 455354K, committed 461440K, reserved 1507328K
  class space    used 57662K, committed 60352K, reserved 1048576K
}
Event: 6464.224 GC heap after
{Heap after GC invocations=100 (full 10):
 garbage-first heap   total 784384K, used 331525K [0x00000000c0000000, 0x0000000100000000)
  region size 1024K, 0 young (0K), 0 survivors (0K)
 Metaspace       used 455327K, committed 461440K, reserved 1507328K
  class space    used 57656K, committed 60352K, reserved 1048576K
}
Event: 6481.208 GC heap before
{Heap before GC invocations=100 (full 10):
 garbage-first heap   total 784384K, used 502533K [0x00000000c0000000, 0x0000000100000000)
  region size 1024K, 169 young (173056K), 0 survivors (0K)
 Metaspace       used 455819K, committed 461888K, reserved 1507328K
  class space    used 57680K, committed 60352K, reserved 1048576K
}
Event: 6481.212 GC heap after
{Heap after GC invocations=101 (full 10):
 garbage-first heap   total 784384K, used 339291K [0x00000000c0000000, 0x0000000100000000)
  region size 1024K, 8 young (8192K), 8 survivors (8192K)
 Metaspace       used 455819K, committed 461888K, reserved 1507328K
  class space    used 57680K, committed 60352K, reserved 1048576K
}
Event: 6538.122 GC heap before
{Heap before GC invocations=102 (full 10):
 garbage-first heap   total 784384K, used 732507K [0x00000000c0000000, 0x0000000100000000)
  region size 1024K, 385 young (394240K), 8 survivors (8192K)
 Metaspace       used 456772K, committed 462784K, reserved 1507328K
  class space    used 57766K, committed 60416K, reserved 1048576K
}
Event: 6538.129 GC heap after
{Heap after GC invocations=103 (full 10):
 garbage-first heap   total 784384K, used 356912K [0x00000000c0000000, 0x0000000100000000)
  region size 1024K, 25 young (25600K), 25 survivors (25600K)
 Metaspace       used 456772K, committed 462784K, reserved 1507328K
  class space    used 57766K, committed 60416K, reserved 1048576K
}
Event: 6555.385 GC heap before
{Heap before GC invocations=103 (full 10):
 garbage-first heap   total 784384K, used 671280K [0x00000000c0000000, 0x0000000100000000)
  region size 1024K, 330 young (337920K), 25 survivors (25600K)
 Metaspace       used 457599K, committed 463680K, reserved 1507328K
  class space    used 57800K, committed 60480K, reserved 1048576K
}
Event: 6555.541 GC heap after
{Heap after GC invocations=104 (full 11):
 garbage-first heap   total 784384K, used 328564K [0x00000000c0000000, 0x0000000100000000)
  region size 1024K, 0 young (0K), 0 survivors (0K)
 Metaspace       used 457567K, committed 463680K, reserved 1507328K
  class space    used 57792K, committed 60480K, reserved 1048576K
}
Event: 6703.068 GC heap before
{Heap before GC invocations=104 (full 11):
 garbage-first heap   total 784384K, used 700276K [0x00000000c0000000, 0x0000000100000000)
  region size 1024K, 365 young (373760K), 0 survivors (0K)
 Metaspace       used 461432K, committed 467648K, reserved 1507328K
  class space    used 58313K, committed 61056K, reserved 1048576K
}
Event: 6703.072 GC heap after
{Heap after GC invocations=105 (full 11):
 garbage-first heap   total 784384K, used 334999K [0x00000000c0000000, 0x0000000100000000)
  region size 1024K, 7 young (7168K), 7 survivors (7168K)
 Metaspace       used 461432K, committed 467648K, reserved 1507328K
  class space    used 58313K, committed 61056K, reserved 1048576K
}

Dll operation events (3 events):
Event: 0.007 Loaded shared library D:\IDEA\IntelliJ IDEA 2025.1.1.1\jbr\bin\java.dll
Event: 0.008 Loaded shared library D:\IDEA\IntelliJ IDEA 2025.1.1.1\jbr\bin\zip.dll
Event: 0.354 Loaded shared library D:\IDEA\IntelliJ IDEA 2025.1.1.1\jbr\bin\verify.dll

Deoptimization events (20 events):
Event: 6616.180 Thread 0x00000264ff4527c0 DEOPT PACKING pc=0x00000263b18e7f2c sp=0x0000009e25cff350
Event: 6616.180 Thread 0x00000264ff4527c0 DEOPT UNPACKING pc=0x00000263afa146a2 sp=0x0000009e25cff1f0 mode 2
Event: 6616.180 Thread 0x00000264ff4527c0 Uncommon trap: trap_request=0xffffffbe fr.pc=0x00000263b1748568 relative=0x0000000000000fc8
Event: 6616.180 Thread 0x00000264ff4527c0 Uncommon trap: reason=profile_predicate action=maybe_recompile pc=0x00000263b1748568 method=kotlinx.coroutines.CancellableContinuationImpl.tryResumeImpl(Ljava/lang/Object;Ljava/lang/Object;Lkotlin/jvm/functions/Function1;)Lkotlinx/coroutines/internal/Symb
Event: 6616.180 Thread 0x00000264ff4527c0 DEOPT PACKING pc=0x00000263b1748568 sp=0x0000009e25cfed60
Event: 6616.180 Thread 0x00000264ff4527c0 DEOPT UNPACKING pc=0x00000263afa146a2 sp=0x0000009e25cfed20 mode 2
Event: 6617.775 Thread 0x00000264347c5620 DEOPT PACKING pc=0x00000263a3b2b56e sp=0x0000009e267fdeb0
Event: 6617.775 Thread 0x00000264347c5620 DEOPT UNPACKING pc=0x00000263afa14e42 sp=0x0000009e267fd348 mode 0
Event: 6617.778 Thread 0x00000264347c5620 Uncommon trap: trap_request=0xffffff45 fr.pc=0x00000263b181ff84 relative=0x00000000000001a4
Event: 6617.778 Thread 0x00000264347c5620 Uncommon trap: reason=unstable_if action=reinterpret pc=0x00000263b181ff84 method=com.intellij.ui.treeStructure.Tree.getFileColorForPath(Ljavax/swing/tree/TreePath;)Ljava/awt/Color; @ 17 c2
Event: 6617.778 Thread 0x00000264347c5620 DEOPT PACKING pc=0x00000263b181ff84 sp=0x0000009e267fdec0
Event: 6617.778 Thread 0x00000264347c5620 DEOPT UNPACKING pc=0x00000263afa146a2 sp=0x0000009e267fde40 mode 2
Event: 6617.778 Thread 0x00000264347c5620 Uncommon trap: trap_request=0xffffff45 fr.pc=0x00000263b1758c54 relative=0x0000000000000a34
Event: 6617.778 Thread 0x00000264347c5620 Uncommon trap: reason=unstable_if action=reinterpret pc=0x00000263b1758c54 method=com.intellij.ui.treeStructure.Tree.getFileColorForPath(Ljavax/swing/tree/TreePath;)Ljava/awt/Color; @ 17 c2
Event: 6617.778 Thread 0x00000264347c5620 DEOPT PACKING pc=0x00000263b1758c54 sp=0x0000009e267fdd20
Event: 6617.778 Thread 0x00000264347c5620 DEOPT UNPACKING pc=0x00000263afa146a2 sp=0x0000009e267fdbf0 mode 2
Event: 6702.607 Thread 0x00000264ff4562d0 Uncommon trap: trap_request=0xffffffc6 fr.pc=0x00000263b0eb9188 relative=0x0000000000000648
Event: 6702.607 Thread 0x00000264ff4562d0 Uncommon trap: reason=bimorphic_or_optimized_type_check action=maybe_recompile pc=0x00000263b0eb9188 method=kotlinx.coroutines.selects.SelectImplementation$ClauseData.invokeBlock(Ljava/lang/Object;Lkotlin/coroutines/Continuation;)Ljava/lang/Object; @ 31 c
Event: 6702.607 Thread 0x00000264ff4562d0 DEOPT PACKING pc=0x00000263b0eb9188 sp=0x0000009e25ffed50
Event: 6702.607 Thread 0x00000264ff4562d0 DEOPT UNPACKING pc=0x00000263afa146a2 sp=0x0000009e25ffeb28 mode 2

Classes loaded (20 events):
Event: 6612.038 Loading class com/intellij/codeInsight/daemon/impl/ExternalToolPass
Event: 6612.038 Loading class com/intellij/codeInsight/daemon/impl/ExternalToolPass done
Event: 6612.038 Loading class com/intellij/codeInsight/daemon/impl/ExternalToolPass$MyData
Event: 6612.038 Loading class com/intellij/codeInsight/daemon/impl/ExternalToolPass$MyData done
Event: 6612.038 Loading class com/intellij/lang/annotation/Annotation
Event: 6612.038 Loading class com/intellij/lang/annotation/Annotation done
Event: 6617.783 Loading class com/intellij/ide/util/treeView/AbstractTreeNode
Event: 6617.783 Loading class com/intellij/ide/util/treeView/AbstractTreeNode done
Event: 6642.226 Loading class com/intellij/openapi/vfs/impl/local/LocalFileSystemEelUtil
Event: 6642.226 Loading class com/intellij/openapi/vfs/impl/local/LocalFileSystemEelUtil done
Event: 6642.228 Loading class com/intellij/psi/PsiFile
Event: 6642.228 Loading class com/intellij/psi/PsiFile done
Event: 6642.228 Loading class com/intellij/psi/PsiFile
Event: 6642.228 Loading class com/intellij/psi/PsiFile done
Event: 6642.229 Loading class com/intellij/util/xml/DomFileIconProvider$DomTag
Event: 6642.229 Loading class com/intellij/util/xml/DomFileIconProvider$DomTag done
Event: 6642.229 Loading class com/intellij/util/io/blobstorage/ByteBufferWriter
Event: 6642.229 Loading class com/intellij/util/io/blobstorage/ByteBufferWriter done
Event: 6660.987 Loading class javax/annotation/Nullable
Event: 6660.987 Loading class javax/annotation/Nullable done

Classes unloaded (20 events):
Event: 6703.154 Thread 0x00000263c4d692a0 Unloading class 0x00000263ca4afc00 'java/lang/invoke/LambdaForm$MH+0x00000263ca4afc00'
Event: 6703.154 Thread 0x00000263c4d692a0 Unloading class 0x00000263ca4b0c00 'java/lang/invoke/LambdaForm$MH+0x00000263ca4b0c00'
Event: 6703.154 Thread 0x00000263c4d692a0 Unloading class 0x00000263ca4b1800 'java/lang/invoke/LambdaForm$MH+0x00000263ca4b1800'
Event: 6703.154 Thread 0x00000263c4d692a0 Unloading class 0x00000263ca4c6800 'java/lang/invoke/LambdaForm$MH+0x00000263ca4c6800'
Event: 6703.154 Thread 0x00000263c4d692a0 Unloading class 0x00000263ca4c8400 'java/lang/invoke/LambdaForm$MH+0x00000263ca4c8400'
Event: 6703.154 Thread 0x00000263c4d692a0 Unloading class 0x00000263ca4c9000 'java/lang/invoke/LambdaForm$MH+0x00000263ca4c9000'
Event: 6703.154 Thread 0x00000263c4d692a0 Unloading class 0x00000263ca4ca400 'java/lang/invoke/LambdaForm$MH+0x00000263ca4ca400'
Event: 6703.154 Thread 0x00000263c4d692a0 Unloading class 0x00000263ca4d2000 'java/lang/invoke/LambdaForm$MH+0x00000263ca4d2000'
Event: 6703.154 Thread 0x00000263c4d692a0 Unloading class 0x00000263ca561800 'java/lang/invoke/LambdaForm$MH+0x00000263ca561800'
Event: 6703.154 Thread 0x00000263c4d692a0 Unloading class 0x00000263c86aa000 'java/lang/invoke/LambdaForm$MH+0x00000263c86aa000'
Event: 6703.154 Thread 0x00000263c4d692a0 Unloading class 0x00000263ca66ac00 'java/lang/invoke/LambdaForm$BMH+0x00000263ca66ac00'
Event: 6703.154 Thread 0x00000263c4d692a0 Unloading class 0x00000263ca4d9400 'java/lang/invoke/LambdaForm$MH+0x00000263ca4d9400'
Event: 6703.154 Thread 0x00000263c4d692a0 Unloading class 0x00000263ca3b2400 'java/lang/invoke/LambdaForm$MH+0x00000263ca3b2400'
Event: 6703.154 Thread 0x00000263c4d692a0 Unloading class 0x00000263ca39c400 'java/lang/invoke/LambdaForm$MH+0x00000263ca39c400'
Event: 6703.154 Thread 0x00000263c4d692a0 Unloading class 0x00000263ca3f8800 'java/lang/invoke/LambdaForm$MH+0x00000263ca3f8800'
Event: 6703.154 Thread 0x00000263c4d692a0 Unloading class 0x00000263ca3fa400 'java/lang/invoke/LambdaForm$MH+0x00000263ca3fa400'
Event: 6703.154 Thread 0x00000263c4d692a0 Unloading class 0x00000263ca414000 'java/lang/invoke/LambdaForm$MH+0x00000263ca414000'
Event: 6703.154 Thread 0x00000263c4d692a0 Unloading class 0x00000263ca415400 'java/lang/invoke/LambdaForm$MH+0x00000263ca415400'
Event: 6703.154 Thread 0x00000263c4d692a0 Unloading class 0x00000263ca419800 'java/lang/invoke/LambdaForm$MH+0x00000263ca419800'
Event: 6703.154 Thread 0x00000263c4d692a0 Unloading class 0x00000263ca42a800 'java/lang/invoke/LambdaForm$MH+0x00000263ca42a800'

Classes redefined (4 events):
Event: 0.247 Thread 0x00000263c4d692a0 redefined class name=java.math.BigInteger, count=1
Event: 0.255 Thread 0x00000263c4d692a0 redefined class name=java.net.InetAddress, count=1
Event: 0.259 Thread 0x00000263c4d692a0 redefined class name=sun.management.VMManagementImpl, count=1
Event: 0.279 Thread 0x00000263c4d692a0 redefined class name=java.lang.Class, count=1

Internal exceptions (20 events):
Event: 6671.113 Thread 0x000002650f7bda20 Exception <a 'sun/nio/fs/WindowsException'{0x00000000d9f7ba58}> (0x00000000d9f7ba58) 
thrown [s\src\hotspot\share\prims\jni.cpp, line 535]
Event: 6671.114 Thread 0x000002650f7bda20 Exception <a 'sun/nio/fs/WindowsException'{0x00000000d9f7c5e8}> (0x00000000d9f7c5e8) 
thrown [s\src\hotspot\share\prims\jni.cpp, line 535]
Event: 6671.114 Thread 0x000002650f7bda20 Exception <a 'sun/nio/fs/WindowsException'{0x00000000d9f7d008}> (0x00000000d9f7d008) 
thrown [s\src\hotspot\share\prims\jni.cpp, line 535]
Event: 6671.114 Thread 0x000002650f7bda20 Exception <a 'sun/nio/fs/WindowsException'{0x00000000d9f86b58}> (0x00000000d9f86b58) 
thrown [s\src\hotspot\share\prims\jni.cpp, line 535]
Event: 6671.114 Thread 0x000002650f7bda20 Exception <a 'sun/nio/fs/WindowsException'{0x00000000d9f87648}> (0x00000000d9f87648) 
thrown [s\src\hotspot\share\prims\jni.cpp, line 535]
Event: 6671.114 Thread 0x000002650f7bda20 Exception <a 'sun/nio/fs/WindowsException'{0x00000000d9e0e998}> (0x00000000d9e0e998) 
thrown [s\src\hotspot\share\prims\jni.cpp, line 535]
Event: 6673.947 Thread 0x000002650f79f480 Exception <a 'sun/nio/fs/WindowsException'{0x00000000db2eb6a0}> (0x00000000db2eb6a0) 
thrown [s\src\hotspot\share\prims\jni.cpp, line 535]
Event: 6673.948 Thread 0x00000264ff4448a0 Exception <a 'java/net/ConnectException'{0x00000000d9d633c8}: Connection refused: connect> (0x00000000d9d633c8) 
thrown [s\src\hotspot\share\prims\jni.cpp, line 567]
Event: 6678.950 Thread 0x00000264ff4562d0 Exception <a 'sun/nio/fs/WindowsException'{0x00000000d9b02a28}> (0x00000000d9b02a28) 
thrown [s\src\hotspot\share\prims\jni.cpp, line 535]
Event: 6678.951 Thread 0x00000264f4bb3ed0 Exception <a 'java/net/ConnectException'{0x00000000d9bcb250}: Connection refused: connect> (0x00000000d9bcb250) 
thrown [s\src\hotspot\share\prims\jni.cpp, line 567]
Event: 6683.958 Thread 0x00000264ff44e620 Exception <a 'sun/nio/fs/WindowsException'{0x00000000dbaf6270}> (0x00000000dbaf6270) 
thrown [s\src\hotspot\share\prims\jni.cpp, line 535]
Event: 6683.958 Thread 0x00000264ff4448a0 Exception <a 'java/net/ConnectException'{0x00000000d99a5520}: Connection refused: connect> (0x00000000d99a5520) 
thrown [s\src\hotspot\share\prims\jni.cpp, line 567]
Event: 6688.968 Thread 0x000002650f79f480 Exception <a 'sun/nio/fs/WindowsException'{0x00000000d9869208}> (0x00000000d9869208) 
thrown [s\src\hotspot\share\prims\jni.cpp, line 535]
Event: 6688.968 Thread 0x00000264f4bb3ed0 Exception <a 'java/net/ConnectException'{0x00000000d97e0d00}: Connection refused: connect> (0x00000000d97e0d00) 
thrown [s\src\hotspot\share\prims\jni.cpp, line 567]
Event: 6693.970 Thread 0x000002650f79f480 Exception <a 'sun/nio/fs/WindowsException'{0x00000000d95e01d0}> (0x00000000d95e01d0) 
thrown [s\src\hotspot\share\prims\jni.cpp, line 535]
Event: 6693.971 Thread 0x00000264ff4448a0 Exception <a 'java/net/ConnectException'{0x00000000d9430658}: Connection refused: connect> (0x00000000d9430658) 
thrown [s\src\hotspot\share\prims\jni.cpp, line 567]
Event: 6698.977 Thread 0x000002650f79f480 Exception <a 'sun/nio/fs/WindowsException'{0x00000000d9262128}> (0x00000000d9262128) 
thrown [s\src\hotspot\share\prims\jni.cpp, line 535]
Event: 6698.978 Thread 0x00000264f4bb3ed0 Exception <a 'java/net/ConnectException'{0x00000000d926a528}: Connection refused: connect> (0x00000000d926a528) 
thrown [s\src\hotspot\share\prims\jni.cpp, line 567]
Event: 6703.048 Thread 0x000002650f79f480 Implicit null exception at 0x00000263a1b0383c to 0x00000263a1b043fc
Event: 6703.048 Thread 0x000002650f79f480 Exception <a 'java/lang/NullPointerException'{0x00000000d8f33e10}> (0x00000000d8f33e10) 
thrown [s\src\hotspot\share\runtime\sharedRuntime.cpp, line 625]

ZGC Phase Switch (0 events):
No events

VM Operations (20 events):
Event: 6638.987 Executing VM operation: Cleanup
Event: 6638.987 Executing VM operation: Cleanup done
Event: 6639.991 Executing VM operation: Cleanup
Event: 6639.991 Executing VM operation: Cleanup done
Event: 6641.001 Executing VM operation: Cleanup
Event: 6641.001 Executing VM operation: Cleanup done
Event: 6643.016 Executing VM operation: Cleanup
Event: 6643.016 Executing VM operation: Cleanup done
Event: 6646.027 Executing VM operation: Cleanup
Event: 6646.027 Executing VM operation: Cleanup done
Event: 6670.204 Executing VM operation: HandshakeAllThreads (HandshakeForDeflation)
Event: 6670.204 Executing VM operation: HandshakeAllThreads (HandshakeForDeflation) done
Event: 6670.204 Executing VM operation: RendezvousGCThreads
Event: 6670.204 Executing VM operation: RendezvousGCThreads done
Event: 6703.068 Executing VM operation: G1TryInitiateConcMark (G1 Humongous Allocation)
Event: 6703.072 Executing VM operation: G1TryInitiateConcMark (G1 Humongous Allocation) done
Event: 6703.153 Executing VM operation: G1PauseRemark
Event: 6703.190 Executing VM operation: G1PauseRemark done
Event: 6703.215 Executing VM operation: G1PauseCleanup
Event: 6703.215 Executing VM operation: G1PauseCleanup done

Memory protections (0 events):
No events

Nmethod flushes (20 events):
Event: 6703.187 Thread 0x00000263c4d692a0 flushing  nmethod 0x00000263a33b8710
Event: 6703.187 Thread 0x00000263c4d692a0 flushing  nmethod 0x00000263a344ba10
Event: 6703.187 Thread 0x00000263c4d692a0 flushing  nmethod 0x00000263a3565210
Event: 6703.187 Thread 0x00000263c4d692a0 flushing  nmethod 0x00000263a3567e90
Event: 6703.187 Thread 0x00000263c4d692a0 flushing  nmethod 0x00000263a356c110
Event: 6703.187 Thread 0x00000263c4d692a0 flushing  nmethod 0x00000263a356de90
Event: 6703.187 Thread 0x00000263c4d692a0 flushing  nmethod 0x00000263a370fc10
Event: 6703.187 Thread 0x00000263c4d692a0 flushing  nmethod 0x00000263a37f3110
Event: 6703.187 Thread 0x00000263c4d692a0 flushing  nmethod 0x00000263a37f6210
Event: 6703.187 Thread 0x00000263c4d692a0 flushing  nmethod 0x00000263a3958110
Event: 6703.187 Thread 0x00000263c4d692a0 flushing  nmethod 0x00000263a395b390
Event: 6703.187 Thread 0x00000263c4d692a0 flushing  nmethod 0x00000263a3965110
Event: 6703.187 Thread 0x00000263c4d692a0 flushing osr nmethod 0x00000263a3968690
Event: 6703.187 Thread 0x00000263c4d692a0 flushing  nmethod 0x00000263a396e010
Event: 6703.187 Thread 0x00000263c4d692a0 flushing  nmethod 0x00000263a3bbed10
Event: 6703.187 Thread 0x00000263c4d692a0 flushing  nmethod 0x00000263a3d0c690
Event: 6703.187 Thread 0x00000263c4d692a0 flushing  nmethod 0x00000263a3e97c10
Event: 6703.187 Thread 0x00000263c4d692a0 flushing  nmethod 0x00000263a404f890
Event: 6703.187 Thread 0x00000263c4d692a0 flushing  nmethod 0x00000263a404fc90
Event: 6703.187 Thread 0x00000263c4d692a0 flushing  nmethod 0x00000263a419eb90

Events (20 events):
Event: 6702.617 Thread 0x00000264ff451aa0 Thread exited: 0x00000264ff451aa0
Event: 6702.617 Thread 0x00000264ff453b70 Thread exited: 0x00000264ff453b70
Event: 6702.617 Thread 0x00000264ff456960 Thread exited: 0x00000264ff456960
Event: 6702.617 Thread 0x00000264ff4641f0 Thread exited: 0x00000264ff4641f0
Event: 6702.617 Thread 0x00000264ff4555b0 Thread exited: 0x00000264ff4555b0
Event: 6702.617 Thread 0x00000264ff459de0 Thread exited: 0x00000264ff459de0
Event: 6702.617 Thread 0x00000264ff44b1a0 Thread exited: 0x00000264ff44b1a0
Event: 6702.617 Thread 0x00000264ff452e50 Thread exited: 0x00000264ff452e50
Event: 6702.617 Thread 0x00000264ff457d10 Thread exited: 0x00000264ff457d10
Event: 6702.617 Thread 0x00000264ff454f20 Thread exited: 0x00000264ff454f20
Event: 6702.617 Thread 0x00000264ff450d80 Thread exited: 0x00000264ff450d80
Event: 6702.617 Thread 0x000002650f7aa5b0 Thread exited: 0x000002650f7aa5b0
Event: 6702.618 Thread 0x00000264ff4534e0 Thread exited: 0x00000264ff4534e0
Event: 6702.618 Thread 0x000002650f7a84e0 Thread exited: 0x000002650f7a84e0
Event: 6702.852 Thread 0x000002650f79f480 Thread added: 0x00000264d14ad3e0
Event: 6702.852 Thread 0x00000264d14ad3e0 Thread exited: 0x00000264d14ad3e0
Event: 6703.020 Thread 0x000002650f79f480 Thread added: 0x00000264d14ac030
Event: 6703.020 Thread 0x00000264d14ac030 Thread added: 0x00000264d0d174f0
Event: 6703.049 Thread 0x000002650f79f480 Thread added: 0x00000264d14acd50
Event: 6703.049 Thread 0x00000264d14acd50 Thread exited: 0x00000264d14acd50


Dynamic libraries:
0x00007ff7f2580000 - 0x00007ff7f26ef000 	D:\IDEA\IntelliJ IDEA 2025.1.1.1\bin\idea64.exe
0x00007ffc9bca0000 - 0x00007ffc9bf08000 	C:\WINDOWS\SYSTEM32\ntdll.dll
0x00007ffc9a7f0000 - 0x00007ffc9a8b9000 	C:\WINDOWS\System32\KERNEL32.DLL
0x00007ffc98e30000 - 0x00007ffc99222000 	C:\WINDOWS\System32\KERNELBASE.dll
0x00007ffc999d0000 - 0x00007ffc99a68000 	C:\WINDOWS\System32\bcryptprimitives.dll
0x00007ffc9a630000 - 0x00007ffc9a6e4000 	C:\WINDOWS\System32\ADVAPI32.dll
0x00007ffc9b770000 - 0x00007ffc9b819000 	C:\WINDOWS\System32\msvcrt.dll
0x00007ffc9b010000 - 0x00007ffc9b0b6000 	C:\WINDOWS\System32\sechost.dll
0x00007ffc9b1c0000 - 0x00007ffc9b2d8000 	C:\WINDOWS\System32\RPCRT4.dll
0x00007ffc9bb80000 - 0x00007ffc9bc57000 	C:\WINDOWS\System32\OLEAUT32.dll
0x00007ffc995a0000 - 0x00007ffc99643000 	C:\WINDOWS\System32\msvcp_win.dll
0x00007ffc96230000 - 0x00007ffc96472000 	C:\WINDOWS\SYSTEM32\dbghelp.dll
0x00007ffc99650000 - 0x00007ffc9979b000 	C:\WINDOWS\System32\ucrtbase.dll
0x00007ffc99f00000 - 0x00007ffc9a27b000 	C:\WINDOWS\System32\combase.dll
0x00007ffc9a8c0000 - 0x00007ffc9b00d000 	C:\WINDOWS\System32\SHELL32.dll
0x00007ffc99a70000 - 0x00007ffc99c35000 	C:\WINDOWS\System32\USER32.dll
0x00007ffc999a0000 - 0x00007ffc999c7000 	C:\WINDOWS\System32\win32u.dll
0x00007ffc9a2f0000 - 0x00007ffc9a31b000 	C:\WINDOWS\System32\GDI32.dll
0x00007ffc99230000 - 0x00007ffc9935d000 	C:\WINDOWS\System32\gdi32full.dll
0x00007ffc997a0000 - 0x00007ffc9990b000 	C:\WINDOWS\System32\wintypes.dll
0x00007ffc981d0000 - 0x00007ffc981fb000 	C:\WINDOWS\SYSTEM32\USERENV.dll
0x00007ffc8ae20000 - 0x00007ffc8ae55000 	C:\WINDOWS\SYSTEM32\WINMM.dll
0x00007ffc9a290000 - 0x00007ffc9a2bf000 	C:\WINDOWS\System32\IMM32.DLL
0x00007ffc96a60000 - 0x00007ffc972bd000 	C:\WINDOWS\SYSTEM32\windows.storage.dll
0x00007ffc9ba80000 - 0x00007ffc9bb72000 	C:\WINDOWS\System32\SHCORE.dll
0x00007ffc9a780000 - 0x00007ffc9a7e2000 	C:\WINDOWS\System32\shlwapi.dll
0x00007ffc98d10000 - 0x00007ffc98d39000 	C:\WINDOWS\SYSTEM32\profapi.dll
0x00007ffc97ce0000 - 0x00007ffc97d16000 	C:\WINDOWS\SYSTEM32\ntmarta.dll
0x00007ffb4b530000 - 0x00007ffb4c2f1000 	D:\IDEA\IntelliJ IDEA 2025.1.1.1\jbr\bin\server\jvm.dll
0x00007ffc9b820000 - 0x00007ffc9b894000 	C:\WINDOWS\System32\WS2_32.dll
0x00007ffc98c50000 - 0x00007ffc98cae000 	C:\WINDOWS\SYSTEM32\POWRPROF.dll
0x00007ffc87a50000 - 0x00007ffc87a6b000 	D:\IDEA\IntelliJ IDEA 2025.1.1.1\jbr\bin\VCRUNTIME140.dll
0x00007ffc8ab50000 - 0x00007ffc8ab5c000 	D:\IDEA\IntelliJ IDEA 2025.1.1.1\jbr\bin\VCRUNTIME140_1.dll
0x00007ffc8fcf0000 - 0x00007ffc8fcfb000 	C:\WINDOWS\SYSTEM32\VERSION.dll
0x00007ffc98c30000 - 0x00007ffc98c44000 	C:\WINDOWS\SYSTEM32\UMPDC.dll
0x00007ffc8a8c0000 - 0x00007ffc8a8ca000 	D:\IDEA\IntelliJ IDEA 2025.1.1.1\jbr\bin\jimage.dll
0x00007ffc7df10000 - 0x00007ffc7df4c000 	C:\WINDOWS\SYSTEM32\dbgcore.DLL
0x00007ffc8a6d0000 - 0x00007ffc8a6de000 	D:\IDEA\IntelliJ IDEA 2025.1.1.1\jbr\bin\instrument.dll
0x00007ffc87590000 - 0x00007ffc875b0000 	D:\IDEA\IntelliJ IDEA 2025.1.1.1\jbr\bin\java.dll
0x00007ffc7f2e0000 - 0x00007ffc7f2f8000 	D:\IDEA\IntelliJ IDEA 2025.1.1.1\jbr\bin\jli.dll
0x00007ffc83f00000 - 0x00007ffc83fb4000 	C:\WINDOWS\WinSxS\amd64_microsoft.windows.common-controls_6595b64144ccf1df_5.82.26100.5074_none_87eb64a37a300c6e\COMCTL32.dll
0x00007ffc7dbf0000 - 0x00007ffc7dc08000 	D:\IDEA\IntelliJ IDEA 2025.1.1.1\jbr\bin\zip.dll
0x00007ffc97bc0000 - 0x00007ffc97bdb000 	C:\WINDOWS\SYSTEM32\kernel.appcore.dll
0x00007ffc897a0000 - 0x00007ffc897b0000 	D:\IDEA\IntelliJ IDEA 2025.1.1.1\jbr\bin\net.dll
0x00007ffc92210000 - 0x00007ffc9232f000 	C:\WINDOWS\SYSTEM32\WINHTTP.dll
0x00007ffc98130000 - 0x00007ffc9819b000 	C:\WINDOWS\system32\mswsock.dll
0x00007ffc7ca40000 - 0x00007ffc7ca56000 	D:\IDEA\IntelliJ IDEA 2025.1.1.1\jbr\bin\nio.dll
0x00007ffc88830000 - 0x00007ffc88839000 	D:\IDEA\IntelliJ IDEA 2025.1.1.1\jbr\bin\management.dll
0x00007ffc884c0000 - 0x00007ffc884cb000 	D:\IDEA\IntelliJ IDEA 2025.1.1.1\jbr\bin\management_ext.dll
0x00007ffc99e20000 - 0x00007ffc99e28000 	C:\WINDOWS\System32\PSAPI.DLL
0x00007ffc7ee80000 - 0x00007ffc7ee98000 	C:\WINDOWS\system32\napinsp.dll
0x00007ffc97770000 - 0x00007ffc97896000 	C:\WINDOWS\SYSTEM32\DNSAPI.dll
0x00007ffc97730000 - 0x00007ffc97764000 	C:\WINDOWS\SYSTEM32\IPHLPAPI.DLL
0x00007ffc9a280000 - 0x00007ffc9a28a000 	C:\WINDOWS\System32\NSI.dll
0x00007ffc7edb0000 - 0x00007ffc7edc2000 	C:\WINDOWS\System32\winrnr.dll
0x00007ffc7ed80000 - 0x00007ffc7eda8000 	C:\WINDOWS\system32\nlansp_c.dll
0x00007ffc90c60000 - 0x00007ffc90c76000 	C:\WINDOWS\system32\wshbth.dll
0x00007ffc91f10000 - 0x00007ffc91f1b000 	C:\Windows\System32\rasadhlp.dll
0x00007ffc926f0000 - 0x00007ffc92776000 	C:\WINDOWS\System32\fwpuclnt.dll
0x00007ffc88240000 - 0x00007ffc88250000 	D:\IDEA\IntelliJ IDEA 2025.1.1.1\jbr\bin\verify.dll
0x00007ffc60350000 - 0x00007ffc604e8000 	D:\IDEA\IntelliJ IDEA 2025.1.1.1\jbr\bin\awt.dll
0x00007ffc602c0000 - 0x00007ffc6034d000 	D:\IDEA\IntelliJ IDEA 2025.1.1.1\bin\MSVCP140.dll
0x00007ffc600a0000 - 0x00007ffc600e4000 	D:\IDEA\IntelliJ IDEA 2025.1.1.1\jbr\bin\nvdaControllerClient64.dll
0x00007ffc96020000 - 0x00007ffc9604d000 	C:\WINDOWS\SYSTEM32\dwmapi.dll
0x00007ffc95c60000 - 0x00007ffc95cff000 	C:\WINDOWS\SYSTEM32\apphelp.dll
0x00007ffc87c80000 - 0x00007ffc87c89000 	D:\IDEA\IntelliJ IDEA 2025.1.1.1\jbr\bin\prefs.dll
0x00007ffc874c0000 - 0x00007ffc874ce000 	D:\IDEA\IntelliJ IDEA 2025.1.1.1\jbr\bin\sunmscapi.dll
0x00007ffc99360000 - 0x00007ffc994d7000 	C:\WINDOWS\System32\CRYPT32.dll
0x00007ffc98600000 - 0x00007ffc98630000 	C:\WINDOWS\SYSTEM32\ncrypt.dll
0x00007ffc985b0000 - 0x00007ffc985ef000 	C:\WINDOWS\SYSTEM32\NTASN1.dll
0x00007ffc95d90000 - 0x00007ffc95e3a000 	C:\WINDOWS\system32\uxtheme.dll
0x00007ffc9b8a0000 - 0x00007ffc9b9fb000 	C:\WINDOWS\System32\MSCTF.dll
0x00007ffc9a3a0000 - 0x00007ffc9a538000 	C:\WINDOWS\System32\ole32.dll
0x00007ffbae6a0000 - 0x00007ffbae6a8000 	C:\WINDOWS\system32\wshunix.dll
0x00007ffc5ffa0000 - 0x00007ffc60027000 	D:\IDEA\IntelliJ IDEA 2025.1.1.1\jbr\bin\freetype.dll
0x00007ffc5b5b0000 - 0x00007ffc5b68e000 	D:\IDEA\IntelliJ IDEA 2025.1.1.1\jbr\bin\fontmanager.dll
0x00007ffc7f580000 - 0x00007ffc7f589000 	D:\IDEA\IntelliJ IDEA 2025.1.1.1\jbr\bin\extnet.dll
0x00007ffc95c30000 - 0x00007ffc95c5a000 	C:\WINDOWS\system32\Wtsapi32.dll
0x00007ffc97e60000 - 0x00007ffc97ea9000 	C:\WINDOWS\SYSTEM32\SspiCli.dll
0x00007ffc98a00000 - 0x00007ffc98a63000 	C:\WINDOWS\SYSTEM32\WINSTA.dll
0x00007ffc72700000 - 0x00007ffc7280c000 	C:\WINDOWS\system32\opengl32.dll
0x00007ffc73620000 - 0x00007ffc7364d000 	C:\WINDOWS\SYSTEM32\GLU32.dll
0x00007ffc95e70000 - 0x00007ffc95eb4000 	C:\WINDOWS\SYSTEM32\dxcore.dll
0x00007ffc5ff50000 - 0x00007ffc5ff95000 	D:\IDEA\IntelliJ IDEA 2025.1.1.1\lib\jna\amd64\jnidispatch.dll
0x00007ffc845d0000 - 0x00007ffc847a9000 	C:\WINDOWS\WinSxS\amd64_microsoft.windows.gdiplus_6595b64144ccf1df_1.1.26100.6725_none_6ef34b0e3dc6ea59\gdiplus.dll
0x00007ffc983e0000 - 0x00007ffc983fb000 	C:\WINDOWS\SYSTEM32\CRYPTSP.dll
0x00007ffc97b20000 - 0x00007ffc97b5b000 	C:\WINDOWS\system32\rsaenh.dll
0x00007ffc98ce0000 - 0x00007ffc98d06000 	C:\WINDOWS\SYSTEM32\bcrypt.dll
0x00007ffc98400000 - 0x00007ffc9840c000 	C:\WINDOWS\SYSTEM32\CRYPTBASE.dll
0x00007ffc98510000 - 0x00007ffc98523000 	C:\WINDOWS\SYSTEM32\MSASN1.dll
0x00007ffc981a0000 - 0x00007ffc981c7000 	C:\WINDOWS\SYSTEM32\gpapi.dll
0x00007ffc8acd0000 - 0x00007ffc8ad0b000 	C:\WINDOWS\SYSTEM32\cryptnet.dll
0x00007ffc95c00000 - 0x00007ffc95c0f000 	C:\WINDOWS\SYSTEM32\WINNSI.DLL
0x00007ffc92550000 - 0x00007ffc9256e000 	C:\WINDOWS\SYSTEM32\dhcpcsvc6.DLL
0x00007ffc92520000 - 0x00007ffc92543000 	C:\WINDOWS\SYSTEM32\dhcpcsvc.DLL
0x00007ffc82ee0000 - 0x00007ffc8302a000 	C:\WINDOWS\SYSTEM32\textinputframework.dll
0x00007ffc95240000 - 0x00007ffc95365000 	C:\WINDOWS\SYSTEM32\CoreMessaging.dll
0x00007ffc8f190000 - 0x00007ffc8f473000 	C:\WINDOWS\SYSTEM32\CoreUIComponents.dll
0x00007ffc9a570000 - 0x00007ffc9a621000 	C:\WINDOWS\System32\clbcatq.dll
0x00007ffc88a80000 - 0x00007ffc88a92000 	C:\WINDOWS\system32\wbem\wbemprox.dll
0x00007ffc888b0000 - 0x00007ffc8892a000 	C:\WINDOWS\SYSTEM32\wbemcomn.dll
0x00007ffc88630000 - 0x00007ffc88645000 	C:\WINDOWS\system32\wbem\wbemsvc.dll
0x00007ffc85280000 - 0x00007ffc85370000 	C:\WINDOWS\system32\wbem\fastprox.dll
0x00007ffc84fd0000 - 0x00007ffc84fed000 	C:\WINDOWS\SYSTEM32\amsi.dll
0x00007ffc84cf0000 - 0x00007ffc84df7000 	C:\Program Files\McAfee\WPS\1.34.154.1\mc-sec-plugin-x64.dll
0x00007ffc84330000 - 0x00007ffc845c3000 	C:\WINDOWS\WinSxS\amd64_microsoft.windows.common-controls_6595b64144ccf1df_6.0.26100.6899_none_3e0efeeae32e88c1\comctl32.dll
0x00007ffc944b0000 - 0x00007ffc946e0000 	C:\WINDOWS\SYSTEM32\WindowsCodecs.dll
0x00007ffc54c80000 - 0x00007ffc54cda000 	C:\WINDOWS\system32\dataexchange.dll
0x00007ffc8a2a0000 - 0x00007ffc8a4e5000 	C:\WINDOWS\system32\twinapi.appcore.dll
0x00007ffc60060000 - 0x00007ffc60098000 	D:\IDEA\IntelliJ IDEA 2025.1.1.1\bin\WinShellIntegrationBridge.dll
0x00007ffc62350000 - 0x00007ffc623fe000 	C:\Windows\System32\appresolver.dll
0x00007ffc93b80000 - 0x00007ffc93c84000 	C:\WINDOWS\SYSTEM32\PROPSYS.dll
0x00007ffc7ffa0000 - 0x00007ffc8005e000 	C:\Windows\System32\Windows.FileExplorer.Common.dll
0x00007ffc85c80000 - 0x00007ffc85d44000 	C:\Windows\System32\Windows.StateRepositoryPS.dll
0x00007ffc7bb00000 - 0x00007ffc7bb47000 	C:\WINDOWS\SYSTEM32\windows.staterepositoryclient.dll
0x00007ffc82980000 - 0x00007ffc829de000 	C:\Windows\System32\Bcp47Langs.dll
0x00007ffc99e80000 - 0x00007ffc99efa000 	C:\WINDOWS\System32\coml2.dll
0x00007ffc98970000 - 0x00007ffc989c7000 	C:\WINDOWS\SYSTEM32\CFGMGR32.dll
0x00007ffc52870000 - 0x00007ffc5287f000 	C:\WINDOWS\SYSTEM32\LINKINFO.dll
0x00007ffc4d450000 - 0x00007ffc4d4f8000 	C:\WINDOWS\SYSTEM32\ntshrui.dll
0x00007ffc7f630000 - 0x00007ffc7f659000 	C:\WINDOWS\SYSTEM32\srvcli.dll
0x00007ffc7d000000 - 0x00007ffc7d013000 	C:\WINDOWS\SYSTEM32\cscapi.dll
0x00007ffc93e30000 - 0x00007ffc93ee4000 	C:\WINDOWS\SYSTEM32\policymanager.dll
0x00007ffc76290000 - 0x00007ffc762b2000 	C:\Users\Nine3\AppData\Local\JetBrains\IntelliJIdea2025.1\tmp\winp.x64.ED366E931B6A01754199EC7946DFE908.dll
0x00007ffc7bef0000 - 0x00007ffc7bf46000 	C:\WINDOWS\SYSTEM32\pdh.dll
0x00007ffc6fec0000 - 0x00007ffc6fed1000 	C:\WINDOWS\System32\perfos.dll
0x00007ffc972e0000 - 0x00007ffc972f2000 	C:\WINDOWS\SYSTEM32\pfclient.dll
0x00007ffc54b90000 - 0x00007ffc54c43000 	C:\WINDOWS\SYSTEM32\TextShaping.dll

dbghelp: loaded successfully - version: 4.0.5 - missing functions: none
symbol engine: initialized successfully - sym options: 0x614 - pdb path: .;D:\IDEA\IntelliJ IDEA 2025.1.1.1\bin;C:\WINDOWS\SYSTEM32;D:\IDEA\IntelliJ IDEA 2025.1.1.1\jbr\bin\server;D:\IDEA\IntelliJ IDEA 2025.1.1.1\jbr\bin;C:\WINDOWS\WinSxS\amd64_microsoft.windows.common-controls_6595b64144ccf1df_5.82.26100.5074_none_87eb64a37a300c6e;D:\IDEA\IntelliJ IDEA 2025.1.1.1\lib\jna\amd64;C:\WINDOWS\WinSxS\amd64_microsoft.windows.gdiplus_6595b64144ccf1df_1.1.26100.6725_none_6ef34b0e3dc6ea59;C:\WINDOWS\system32\wbem;C:\Program Files\McAfee\WPS\1.34.154.1;C:\WINDOWS\WinSxS\amd64_microsoft.windows.common-controls_6595b64144ccf1df_6.0.26100.6899_none_3e0efeeae32e88c1;C:\Users\Nine3\AppData\Local\JetBrains\IntelliJIdea2025.1\tmp

VM Arguments:
jvm_args: abort vfprintf -XX:ErrorFile=C:\Users\Nine3\java_error_in_idea_%p.log -XX:HeapDumpPath=C:\Users\Nine3\java_error_in_idea.hprof -Xms128m -Xmx2048m -XX:ReservedCodeCacheSize=512m -XX:+HeapDumpOnOutOfMemoryError -XX:-OmitStackTraceInFastThrow -XX:CICompilerCount=2 -XX:+IgnoreUnrecognizedVMOptions -XX:+UnlockDiagnosticVMOptions -XX:TieredOldPercentage=100000 -ea -Dsun.io.useCanonCaches=false -Dsun.java2d.metal=true -Djbr.catch.SIGABRT=true -Djdk.http.auth.tunneling.disabledSchemes="" -Djdk.attach.allowAttachSelf=true -Djdk.module.illegalAccess.silent=true -Djdk.nio.maxCachedBufferSize=2097152 -Djava.util.zip.use.nio.for.zip.file.access=true -Dkotlinx.coroutines.debug=off -Didea.kotlin.plugin.use.k2=true -Xms128m -Xmx1024m -XX:ReservedCodeCacheSize=512m -XX:+IgnoreUnrecognizedVMOptions -XX:+UseG1GC -XX:SoftRefLRUPolicyMSPerMB=50 -XX:CICompilerCount=2 -XX:+HeapDumpOnOutOfMemoryError -XX:-OmitStackTraceInFastThrow -ea -Dsun.io.useCanonCaches=false -Djdk.http.auth.tunneling.disabledSchemes="" -Djdk.attach.allowAttachSelf=true -Djdk.module.illegalAccess.silent=true -Dkotlinx.coroutines.debug=off -XX:ErrorFile=$USER_HOME/java_error_in_idea_%p.log -XX:HeapDumpPath=$USER_HOME/java_error_in_idea.hprof --add-opens=java.base/jdk.internal.org.objectweb.asm=ALL-UNNAMED --add-opens=java.base/jdk.internal.org.objectweb.asm.tree=ALL-UNNAMED -javaagent:D:\IDEA\jetbra-pojie\win2021-2025\ja-netfilter.jar=jetbrains -Djb.vmOptionsFile=D:\IDEA\jetbra-pojie\win2021-2025\vmoptions\idea.vmoptions -Xbootclasspath/a:D:\IDEA\IntelliJ IDEA 2025.1.1.1/lib/nio-fs.jar -Djava.system.class.loader=com.intellij.util.lang.PathClassLoader -Didea.vendor.name=JetBrains -Didea.paths.selector=IntelliJIdea2025.1 -Djna.boot.library.path=D:\IDEA\IntelliJ IDEA 2025.1.1.1/lib/jna/amd64 -Djna.nosys=true -Djna.noclasspath=true -Dpty4j.preferred.native.folder=D:\IDEA\IntelliJ IDEA 2025.1.1.1/lib/pty4j -Dio.netty.allocator.type=pooled -Dintellij.platform.runtime.repository.path=D:\IDEA\IntelliJ IDEA 2025.1.1.1/modules/module-descriptors.jar -Dwsl.use.remote.agent.for.nio.filesystem=true -Djava.nio.file.spi.DefaultFileSystemProvider=com.intellij.platform.core.nio.fs.MultiRoutingFileSystemProvider -Dsplash=true -Daether.connector.resumeDownloads=false -Dcompose.swing.render.on.graphics=true --add-opens=java.base/java.io=ALL-UNNAMED --add-opens=java.base/java.lang=ALL-UNNAMED --add-opens=java.base/java.lang.ref=ALL-UNNAMED --add-opens=java.base/java.lang.reflect=ALL-UNNAMED --add-opens=java.base/java.net=ALL-UNNAMED --add-opens=java.base/java.nio=ALL-UNNAMED --add-opens=java.base/java.nio.charset=ALL-UNNAMED --add-opens=java.base/java.text=ALL-UNNAMED --add-opens=java.base/java.time=ALL-UNNAMED --add-opens=java.base/java.util=ALL-UNNAMED --add-opens=java.base/java.util.concurrent=ALL-UNNAMED --add-opens=java.base/java.util.concurrent.atomic=ALL-UNNAMED --add-opens=java.base/java.util.concurrent.locks=ALL-UNNAMED --add-opens=java.base/jdk.internal.vm=ALL-UNNAMED --add-opens=java.base/sun.net.dns=ALL-UNNAMED --add-opens=java.base/sun.nio.ch=ALL-UNNAMED --add-opens=java.base/sun.nio.fs=ALL-UNNAMED --add-opens=java.base/sun.security.ssl=ALL-UNNAMED --add-opens=java.base/sun.security.util=ALL-UNNAMED --add-opens=java.desktop/com.sun.java.swing=ALL-UNNAMED --add-opens=java.desktop/java.awt=ALL-UNNAMED --add-opens=java.desktop/java.awt.dnd.peer=ALL-UNNAMED --add-opens=java.desktop/java.awt.event=ALL-UNNAMED --add-opens=java.desktop/java.awt.font=ALL-UNNAMED --add-opens=java.desktop/java.awt.image=ALL-UNNAMED --add-opens=java.desktop/java.awt.peer=ALL-UNNAMED --add-opens=java.desktop/javax.swing=ALL-UNNAMED --add-opens=java.desktop/javax.swing.plaf.basic=ALL-UNNAMED --add-opens=java.desktop/javax.swing.text=ALL-UNNAMED --add-opens=java.desktop/javax.swing.text.html=ALL-UNNAMED --add-opens=java.desktop/sun.awt=ALL-UNNAMED --add-opens=java.desktop/sun.awt.datatransfer=ALL-UNNAMED --add-opens=java.desktop/sun.awt.image=ALL-UNNAMED --add-opens=java.desktop/sun.awt.windows=ALL-UNNAMED --add-opens=java.desktop/sun.font=ALL-UNNAMED --add-opens=java.desktop/sun.java2d=ALL-UNNAMED --add-opens=java.desktop/sun.swing=ALL-UNNAMED --add-opens=java.management/sun.management=ALL-UNNAMED --add-opens=jdk.attach/sun.tools.attach=ALL-UNNAMED --add-opens=jdk.compiler/com.sun.tools.javac.api=ALL-UNNAMED --add-opens=jdk.internal.jvmstat/sun.jvmstat.monitor=ALL-UNNAMED --add-opens=jdk.jdi/com.sun.tools.jdi=ALL-UNNAMED -Dide.native.launcher=true -Djcef.sandbox.ptr=0000026399C729C0 -Djcef.sandbox.cefVersion=122.1.9+gd14e051+chromium-122.0.6261.94 
java_command: com.intellij.idea.Main D:\program\bookborrowing\bbms-backend
java_class_path (initial): D:\IDEA\IntelliJ IDEA 2025.1.1.1\lib\platform-loader.jar;D:\IDEA\IntelliJ IDEA 2025.1.1.1\lib\util-8.jar;D:\IDEA\IntelliJ IDEA 2025.1.1.1\lib\util.jar;D:\IDEA\IntelliJ IDEA 2025.1.1.1\lib\app-client.jar;D:\IDEA\IntelliJ IDEA 2025.1.1.1\lib\util_rt.jar;D:\IDEA\IntelliJ IDEA 2025.1.1.1\lib\product.jar;D:\IDEA\IntelliJ IDEA 2025.1.1.1\lib\lib-client.jar;D:\IDEA\IntelliJ IDEA 2025.1.1.1\lib\trove.jar;D:\IDEA\IntelliJ IDEA 2025.1.1.1\lib\app.jar;D:\IDEA\IntelliJ IDEA 2025.1.1.1\lib\opentelemetry.jar;D:\IDEA\IntelliJ IDEA 2025.1.1.1\lib\jps-model.jar;D:\IDEA\IntelliJ IDEA 2025.1.1.1\lib\stats.jar;D:\IDEA\IntelliJ IDEA 2025.1.1.1\lib\rd.jar;D:\IDEA\IntelliJ IDEA 2025.1.1.1\lib\external-system-rt.jar;D:\IDEA\IntelliJ IDEA 2025.1.1.1\lib\protobuf.jar;D:\IDEA\IntelliJ IDEA 2025.1.1.1\lib\bouncy-castle.jar;D:\IDEA\IntelliJ IDEA 2025.1.1.1\lib\intellij-test-discovery.jar;D:\IDEA\IntelliJ IDEA 2025.1.1.1\lib\forms_rt.jar;D:\IDEA\IntelliJ IDEA 2025.1.1.1\lib\lib.jar;D:\IDEA\IntelliJ IDEA 2025.1.1.1\lib\externalProcess-rt.jar;D:\IDEA\IntelliJ IDEA 2025.1.1.1\lib\groovy.jar;D:\IDEA\IntelliJ IDEA 2025.1.1.1\lib\annotations.jar;D:\IDEA\IntelliJ IDEA 2025.1.1.1\lib\idea_rt.jar;D:\IDEA\IntelliJ IDEA 2025.1.1.1\lib\jsch-agent.jar;D:\IDEA\IntelliJ IDEA 2025.1.1.1\lib\kotlinx-coroutines-slf4j-1.8.0-intellij.jar;D:\IDEA\IntelliJ IDEA 2025.1.1.1\lib\product-client.jar
Launcher Type: generic

[Global flags]
     intx CICompilerCount                          = 2                                         {product} {command line}
     uint ConcGCThreads                            = 3                                         {product} {ergonomic}
    ccstr ErrorFile                                = $USER_HOME/java_error_in_idea_%p.log            {product} {command line}
     uint G1ConcRefinementThreads                  = 13                                        {product} {ergonomic}
   size_t G1HeapRegionSize                         = 1048576                                   {product} {ergonomic}
    uintx GCDrainStackTargetSize                   = 64                                        {product} {ergonomic}
     bool HeapDumpOnOutOfMemoryError               = true                                   {manageable} {command line}
    ccstr HeapDumpPath                             = $USER_HOME/java_error_in_idea.hprof         {manageable} {command line}
     bool IgnoreUnrecognizedVMOptions              = true                                      {product} {command line}
   size_t InitialHeapSize                          = 134217728                                 {product} {command line}
   size_t MarkStackSize                            = 4194304                                   {product} {ergonomic}
   size_t MaxHeapSize                              = 1073741824                                {product} {command line}
   size_t MaxNewSize                               = 643825664                                 {product} {ergonomic}
   size_t MinHeapDeltaBytes                        = 1048576                                   {product} {ergonomic}
   size_t MinHeapSize                              = 134217728                                 {product} {command line}
    uintx NonNMethodCodeHeapSize                   = 5826188                                {pd product} {ergonomic}
    uintx NonProfiledCodeHeapSize                  = 265522362                              {pd product} {ergonomic}
     bool OmitStackTraceInFastThrow                = false                                     {product} {command line}
    uintx ProfiledCodeHeapSize                     = 265522362                              {pd product} {ergonomic}
    uintx ReservedCodeCacheSize                    = 536870912                              {pd product} {command line}
     bool SegmentedCodeCache                       = true                                      {product} {ergonomic}
   size_t SoftMaxHeapSize                          = 1073741824                             {manageable} {ergonomic}
     intx SoftRefLRUPolicyMSPerMB                  = 50                                        {product} {command line}
     intx TieredOldPercentage                      = 100000                                 {diagnostic} {command line}
     bool UnlockDiagnosticVMOptions                = true                                   {diagnostic} {command line}
     bool UseCompressedOops                        = true                           {product lp64_product} {ergonomic}
     bool UseG1GC                                  = true                                      {product} {command line}
     bool UseLargePagesIndividualAllocation        = false                                  {pd product} {ergonomic}

Logging:
Log output configuration:
 #0: stdout all=warning uptime,level,tags foldmultilines=false
 #1: stderr all=off uptime,level,tags foldmultilines=false

Environment Variables:
JAVA_HOME=D:\jdk\jdk-17.0.17
PATH=E:\ImageMagick-6.9.13-Q16-HDRI;C:\Program Files\NVIDIA GPU Computing Toolkit\CUDA\v11.8\bin;C:\Program Files\NVIDIA GPU Computing Toolkit\CUDA\v11.8\libnvvp;C:\Program Files (x86)\Common Files\Intel\Shared Libraries\redist\intel64_win\compiler;C:\Program Files (x86)\Common Files\Intel\Shared Libraries\redist\intel64\compiler;C:\Windows\system32;C:\Windows;C:\Windows\System32\Wbem;C:\Windows\System32\WindowsPowerShell\v1.0\;C:\Windows\System32\OpenSSH\;C:\Program Files (x86)\NVIDIA Corporation\PhysX\Common;C:\Program Files\NVIDIA Corporation\NVIDIA NvDLISR;C:\Program Files\mingw64\bin;C:\Program Files\CMake\bin;C:\Users\Nine3\AppData\Roaming\Microsoft\Windows\Start Menu\Programs\Python 3.12\Python 3.12 (64-bit).lnk;C:\Program Files (x86)\Windows Kits\10\Windows Performance Toolkit\;D:\matlab\file\runtime\win64;D:\matlab\file\bin;D:\MySQL\MySQL Server 8.0\bin;C:\WINDOWS\system32;C:\WINDOWS;C:\WINDOWS\System32\Wbem;C:\WINDOWS\System32\WindowsPowerShell\v1.0\;C:\WINDOWS\System32\OpenSSH\;C:\Program Files\NVIDIA Corporation\Nsight Compute 2022.3.0\;D:\Program Files\Git\cmd;D:\Anaconda;D:\Anaconda\Scripts;D:\Anaconda\Library\bin;D:\Anaconda\Library\mingw-w64\bin;D:\Anaconda\Library\usr\bin;D:\colmap;C:\Program Files\ffmpeg\bin;C:\Program Files\Microsoft SQL Server\150\Tools\Binn\;C:\Program Files\Microsoft SQL Server\Client SDK\ODBC\170\Tools\Binn\;C:\Program Files\dotnet\;E:\graphviz\bin;C:\Program Files (x86)\Microsoft SQL Server\160\Tools\Binn\;C:\Program Files\Microsoft SQL Server\160\Tools\Binn\;C:\Program Files\Microsoft SQL Server\160\DTS\Binn\;C:\cursor\cursor\resources\app\bin;D:\Nodejs\;D:\maven\apache-maven-3.9.11-bin\apache-maven-3.9.11\bin;D:\jdk\jdk-17.0.17\bin;D:\PyC\Scripts\;D:\PyC\;D:\MySQL\MySQL Shell 8.0\bin\;C:\Users\Nine3\AppData\Local\Microsoft\WindowsApps;C:\Users\Nine3\AppData\Local\Programs\Microsoft VS Code\bin;C:\Program Files\CMake\bin;C:\Program Files\mingw64\bin;D:\PyC\PyCharm Community Edition 2023.3.5\bin;;D:\PyC\PyCharm 2024.3.2\bin;;C:\Users\Nine3\.dotnet\tools;E:\win_flex_bison-latest;C:\Users\Nine3\AppData\Roaming\npm
USERNAME=Nine3
OS=Windows_NT
PROCESSOR_IDENTIFIER=AMD64 Family 25 Model 68 Stepping 1, AuthenticAMD
TMP=C:\Users\Nine3\AppData\Local\Temp
TEMP=C:\Users\Nine3\AppData\Local\Temp




Periodic native trim disabled

JNI global refs:
JNI global refs: 138, weak refs: 126

JNI global refs memory usage: 2099, weak refs: 18617

Process memory usage:
Resident Set Size: 1783328K (11% of 15985568K total physical memory with 1934244K free physical memory)

OOME stack traces (most recent first):
Classloader memory used:
Loader com.intellij.util.lang.PathClassLoader                                          : 224M
Loader com.intellij.ide.plugins.cl.PluginClassLoader                                   : 170M
Loader bootstrap                                                                       : 48629K
Loader jdk.internal.loader.ClassLoaders$AppClassLoader                                 : 4844K
Loader jdk.internal.loader.ClassLoaders$PlatformClassLoader                            : 2798K
Loader java.net.URLClassLoader                                                         : 141K
Loader sun.reflect.misc.MethodUtil                                                     : 4216B
Loader javax.management.remote.rmi.NoCallStackClassLoader                              : 1736B

Classes loaded by more than one classloader:
Class com.intellij.ultimate.PluginVerifier                                            : loaded 14 times (x 67B)
Class ai.grazie.nlp.patterns.ext.AbbreviationPatterns$English$1$1                     : loaded 2 times (x 91B)
Class ai.grazie.nlp.patterns.standard.StrictPatterns$IsApostrophe$1                   : loaded 2 times (x 74B)
Class ai.grazie.nlp.langs.LanguageISO$Companion                                       : loaded 2 times (x 67B)
Class ai.grazie.nlp.patterns.standard.StrictPatterns$HasNoLetters$1                   : loaded 2 times (x 74B)
Class ai.grazie.nlp.langs.alphabet.NoneAlphabet                                       : loaded 2 times (x 72B)
Class [Lai.grazie.nlp.patterns.MatchPattern;                                          : loaded 2 times (x 65B)
Class [Lai.grazie.nlp.langs.alphabet.Alphabet;                                        : loaded 2 times (x 65B)
Class ai.grazie.nlp.tokenizer.word.HeuristicWordTokenizer                             : loaded 2 times (x 82B)
Class [Lai.grazie.nlp.langs.LanguageISO;                                              : loaded 2 times (x 65B)
Class ai.grazie.nlp.tokenizer.sequence.NonDestructiveCharSequenceTokenizer            : loaded 2 times (x 66B)
Class ai.grazie.nlp.patterns.Pattern                                                  : loaded 2 times (x 66B)
Class ai.grazie.utils.mpp.RootDataLoader                                              : loaded 2 times (x 66B)
Class ai.grazie.nlp.patterns.ext.AbbreviationPatterns$German$1$2                      : loaded 2 times (x 91B)
Class ai.grazie.nlp.patterns.MatchPattern                                             : loaded 2 times (x 66B)
Class [Lai.grazie.nlp.langs.alphabet.Alphabet$Group;                                  : loaded 2 times (x 65B)
Class ai.grazie.nlp.langs.alphabet.Alphabet$Group                                     : loaded 2 times (x 75B)
Class ai.grazie.nlp.patterns.standard.LikelyPatterns$IsCompositeInflection$1$1        : loaded 2 times (x 91B)
Class ai.grazie.nlp.langs.Language$Companion                                          : loaded 2 times (x 67B)
Class ai.grazie.nlp.patterns.Pattern$Exclusion                                        : loaded 2 times (x 89B)
Class ai.grazie.nlp.patterns.standard.LikelyPatterns$ChatTextEmoji$1                  : loaded 2 times (x 91B)
Class ai.grazie.nlp.patterns.standard.LikelyPatterns$IsMention$1$1                    : loaded 2 times (x 91B)
Class org.eclipse.aether.resolution.ArtifactResolutionException                       : loaded 2 times (x 80B)
Class ai.grazie.nlp.tokenizer.Tokenizer$Keys                                          : loaded 2 times (x 67B)
Class ai.grazie.DataHolder$Key                                                        : loaded 2 times (x 67B)
Class org.eclipse.aether.RepositoryException                                          : loaded 2 times (x 78B)
Class ai.grazie.text.Text                                                             : loaded 2 times (x 81B)
Class ai.grazie.DataHolder                                                            : loaded 2 times (x 68B)
Class ai.grazie.nlp.patterns.standard.LikelyPatterns$Chemical$1$1                     : loaded 2 times (x 91B)
Class ai.grazie.nlp.tokenizer.Tokenizer                                               : loaded 2 times (x 66B)
Class ai.grazie.nlp.patterns.ext.AbbreviationPatterns                                 : loaded 2 times (x 67B)
Class ai.grazie.utils.CollectionsKt                                                   : loaded 2 times (x 67B)
Class ai.grazie.nlp.utils.Symbols                                                     : loaded 2 times (x 67B)
Class ai.grazie.nlp.patterns.ext.AbbreviationPatterns$MatchingParameters              : loaded 2 times (x 67B)
Class ai.grazie.nlp.patterns.standard.LikelyPatterns$ChainedName$1$1                  : loaded 2 times (x 91B)
Class ai.grazie.nlp.patterns.standard.LikelyPatterns$CommandLineOption$1              : loaded 2 times (x 91B)
Class ai.grazie.nlp.patterns.standard.LikelyPatterns$IsURL$1                          : loaded 2 times (x 89B)
Class ai.grazie.utils.mpp.TextRegex                                                   : loaded 2 times (x 67B)
Class ai.grazie.utils.mpp.Platform                                                    : loaded 2 times (x 75B)
Class ai.grazie.nlp.patterns.Pattern$After                                            : loaded 2 times (x 89B)
Class ai.grazie.nlp.langs.alphabet.Alphabet$Companion                                 : loaded 2 times (x 67B)
Class ai.grazie.nlp.patterns.standard.LikelyPatterns$IsCommitHash$1                   : loaded 2 times (x 91B)
Class ai.grazie.nlp.patterns.ext.AbbreviationPatterns$All$1                           : loaded 2 times (x 91B)
Class ai.grazie.nlp.patterns.standard.LikelyPatterns                                  : loaded 2 times (x 67B)
Class ai.grazie.nlp.patterns.standard.StrictPatterns                                  : loaded 2 times (x 67B)
Class ai.grazie.nlp.patterns.AhoCorasickPattern$TrieNode                              : loaded 2 times (x 68B)
Class ai.grazie.nlp.tokenizer.NonDestructiveTokenizer                                 : loaded 2 times (x 66B)
Class ai.grazie.nlp.patterns.ext.AbbreviationPatterns$Ukrainian$1$1                   : loaded 2 times (x 91B)
Class ai.grazie.nlp.patterns.AhoCorasickPattern$AhoCorasickBuilder                    : loaded 2 times (x 68B)
Class ai.grazie.nlp.langs.alphabet.Alphabet$Group$1                                   : loaded 2 times (x 74B)
Class ai.grazie.nlp.patterns.Pattern$Before                                           : loaded 2 times (x 92B)
Class ai.grazie.nlp.langs.alphabet.Alphabet$Group$2                                   : loaded 2 times (x 74B)
Class ai.grazie.nlp.langs.alphabet.Alphabet$Group$3                                   : loaded 2 times (x 74B)
Class ai.grazie.text.TextRange$Companion                                              : loaded 2 times (x 67B)
Class ai.grazie.nlp.langs.alphabet.Alphabet$Group$4                                   : loaded 2 times (x 74B)
Class ai.grazie.nlp.patterns.standard.LikelyPatterns$IsIBAN$1$1                       : loaded 2 times (x 91B)
Class ai.grazie.nlp.patterns.LambdaMatchPattern                                       : loaded 2 times (x 71B)
Class [Lai.grazie.nlp.patterns.Pattern;                                               : loaded 2 times (x 65B)
Class ai.grazie.nlp.langs.alphabet.Alphabet$Group$5                                   : loaded 2 times (x 74B)
Class ai.grazie.nlp.langs.LanguageISO$Companion$1                                     : loaded 2 times (x 74B)
Class ai.grazie.nlp.langs.alphabet.Alphabet$Group$6                                   : loaded 2 times (x 74B)
Class ai.grazie.nlp.patterns.Pattern$beforeWordBoundary$1                             : loaded 2 times (x 92B)
Class ai.grazie.nlp.langs.alphabet.Alphabet$Group$7                                   : loaded 2 times (x 74B)
Class com.intellij.ml.inline.completion.js.utils.JSDialectImportFixer                 : loaded 2 times (x 74B)
Class ai.grazie.nlp.langs.Language$Companion$all$2                                    : loaded 2 times (x 74B)
Class ai.grazie.nlp.langs.alphabet.Alphabet$Group$8                                   : loaded 2 times (x 74B)
Class ai.grazie.utils.mpp.Platform$Companion                                          : loaded 2 times (x 67B)
Class ai.grazie.nlp.langs.LanguageISO                                                 : loaded 2 times (x 75B)
Class ai.grazie.nlp.patterns.ext.AbbreviationPatterns$UpperCaseSequence$1             : loaded 2 times (x 91B)
Class [Lai.grazie.nlp.patterns.AhoCorasickPattern$AhoCorasickBuilder$AutomataBuilderNode;: loaded 2 times (x 65B)
Class ai.grazie.nlp.utils.CharUtils                                                   : loaded 2 times (x 67B)
Class ai.grazie.nlp.patterns.standard.LikelyPatterns$IsRebusAbbreviation$1            : loaded 2 times (x 91B)
Class ai.grazie.nlp.patterns.standard.LikelyPatterns$IsFilePath$1$1                   : loaded 2 times (x 91B)
Class ai.grazie.nlp.patterns.standard.LikelyPatterns$IsEncodedBinary$1                : loaded 2 times (x 74B)
Class ai.grazie.nlp.langs.alphabet.RegexAlphabet                                      : loaded 2 times (x 72B)
Class ai.grazie.nlp.patterns.ext.AbbreviationPatterns$AbbreviationPattern             : loaded 2 times (x 90B)
Class ai.grazie.nlp.patterns.AggregatedPattern                                        : loaded 2 times (x 91B)
Class ai.grazie.nlp.patterns.ext.AbbreviationPatterns$latinSIUnits$1                  : loaded 2 times (x 91B)
Class ai.grazie.utils.mpp.PlatformKt$WhenMappings                                     : loaded 2 times (x 67B)
Class ai.grazie.nlp.patterns.standard.LikelyPatterns$IsEmail$1$1                      : loaded 2 times (x 91B)
Class ai.grazie.nlp.patterns.Pattern$before$1                                         : loaded 2 times (x 92B)
Class ai.grazie.utils.CollectionFactory                                               : loaded 2 times (x 67B)
Class ai.grazie.utils.mpp.Resources                                                   : loaded 2 times (x 67B)
Class ai.grazie.utils.mpp.StreamDataLoader                                            : loaded 2 times (x 66B)
Class dk.brics.automaton.Transition                                                   : loaded 2 times (x 73B)
Class dk.brics.automaton.RunAutomaton                                                 : loaded 2 times (x 79B)
Class ai.grazie.nlp.patterns.standard.LikelyPatterns$GeneratedId$1                    : loaded 2 times (x 91B)
Class ai.grazie.nlp.langs.alphabet.Alphabet$Group$Companion                           : loaded 2 times (x 67B)
Class ai.grazie.nlp.patterns.Pattern$Companion                                        : loaded 2 times (x 67B)
Class ai.grazie.nlp.patterns.standard.StrictPatterns$IsNumber$1                       : loaded 2 times (x 74B)
Class ai.grazie.nlp.patterns.ext.AbbreviationPatterns$Russian$1$1                     : loaded 2 times (x 91B)
Class ai.grazie.nlp.patterns.standard.LikelyPatterns$IsGermanNumeral$1                : loaded 2 times (x 91B)
Class ai.grazie.nlp.patterns.standard.LikelyPatterns$IsExcelFormula$1                 : loaded 2 times (x 91B)
Class [Lai.grazie.nlp.langs.Language;                                                 : loaded 2 times (x 65B)
Class ai.grazie.nlp.langs.alphabet.Alphabet                                           : loaded 2 times (x 72B)
Class [Ldk.brics.automaton.Transition;                                                : loaded 2 times (x 65B)
Class ai.grazie.nlp.patterns.Pattern$afterWordBoundary$1                              : loaded 2 times (x 89B)
Class ai.grazie.nlp.patterns.ext.AbbreviationPatterns$AbbreviationPattern$delegate$lambda$9$$inlined$sortedBy$1: loaded 2 times (x 85B)
Class dk.brics.automaton.BasicAutomata                                                : loaded 2 times (x 67B)
Class dk.brics.automaton.TransitionComparator                                         : loaded 2 times (x 87B)
Class dk.brics.automaton.Automaton                                                    : loaded 2 times (x 130B)
Class ai.grazie.text.TextRange                                                        : loaded 2 times (x 67B)
Class ai.grazie.utils.mpp.DataLoader                                                  : loaded 2 times (x 66B)
Class dk.brics.automaton.State                                                        : loaded 2 times (x 82B)
Class ai.grazie.utils.mpp.RootStreamDataLoader                                        : loaded 2 times (x 66B)
Class ai.grazie.nlp.patterns.standard.StrictPatterns$HasNumber$1                      : loaded 2 times (x 74B)
Class dk.brics.automaton.BasicOperations                                              : loaded 2 times (x 67B)
Class ai.grazie.nlp.patterns.standard.LikelyPatterns$NameInitials$1                   : loaded 2 times (x 91B)
Class ai.grazie.utils.mpp.PlatformKt                                                  : loaded 2 times (x 67B)
Class ai.grazie.utils.mpp.DataLoader$Path                                             : loaded 2 times (x 68B)
Class ai.grazie.nlp.patterns.standard.LikelyPatterns$TicketName$1                     : loaded 2 times (x 91B)
Class ai.grazie.nlp.patterns.standard.LikelyPatterns$IsOrdinalNumeral$1               : loaded 2 times (x 91B)
Class com.intellij.ml.inline.completion.js.correctness.JSDialectSuggestionEnricherBase: loaded 2 times (x 73B)
Class dk.brics.automaton.AutomatonMatcher                                             : loaded 2 times (x 96B)
Class ai.grazie.nlp.patterns.standard.LikelyPatterns$PunctuationOperator$1$1          : loaded 2 times (x 91B)
Class ai.grazie.nlp.tokenizer.sequence.CharSequenceTokenizer                          : loaded 2 times (x 66B)
Class ai.grazie.utils.mpp.FromResourcesDataLoader                                     : loaded 2 times (x 91B)
Class ai.grazie.nlp.patterns.RegexPattern                                             : loaded 2 times (x 91B)
Class org.eclipse.aether.repository.ArtifactRepository                                : loaded 2 times (x 66B)
Class ai.grazie.nlp.patterns.ext.AbbreviationPatterns$AbbreviationPattern$delegate$1$2: loaded 2 times (x 75B)
Class ai.grazie.nlp.patterns.ext.AbbreviationPatterns$AbbreviationPattern$delegate$1$3: loaded 2 times (x 92B)
Class ai.grazie.nlp.patterns.ext.AbbreviationPatterns$tokenizerRelevantPattern$1      : loaded 2 times (x 91B)
Class ai.grazie.nlp.patterns.standard.LikelyPatterns$FunctionName$1$1                 : loaded 2 times (x 91B)
Class ai.grazie.nlp.tokenizer.Tokenizer$Token                                         : loaded 2 times (x 68B)
Class ai.grazie.nlp.patterns.standard.LikelyPatterns$IsGreekMetricCombination$1       : loaded 2 times (x 91B)
Class ai.grazie.nlp.patterns.AhoCorasickPattern$AhoCorasickBuilder$AutomataBuilderNode: loaded 2 times (x 68B)
Class ai.grazie.nlp.langs.alphabet.SetBasedAlphabet                                   : loaded 2 times (x 72B)
Class ai.grazie.nlp.patterns.standard.LikelyPatterns$IsIPv4$1                         : loaded 2 times (x 91B)
Class [Lai.grazie.utils.mpp.Platform;                                                 : loaded 2 times (x 65B)
Class ai.grazie.nlp.langs.Language                                                    : loaded 2 times (x 75B)
Class ai.grazie.DataHolder$data$2                                                     : loaded 2 times (x 74B)
Class ai.grazie.nlp.patterns.AhoCorasickPattern                                       : loaded 2 times (x 92B)

---------------  S Y S T E M  ---------------

OS:
 Windows 11 , 64 bit Build 26100 (10.0.26100.6725)
OS uptime: 0 days 6:35 hours

CPU: total 16 (initial active 16) (16 cores per cpu, 2 threads per core) family 25 model 68 stepping 1 microcode 0xa404107, cx8, cmov, fxsr, ht, mmx, 3dnowpref, sse, sse2, sse3, ssse3, sse4a, sse4.1, sse4.2, popcnt, lzcnt, tsc, tscinvbit, avx, avx2, aes, erms, clmul, bmi1, bmi2, adx, sha, fma, vzeroupper, clflush, clflushopt, rdtscp, rdpid, fsrm, f16c, pku, cet_ss
Processor Information for the first 16 processors :
  Max Mhz: 3201, Current Mhz: 3201, Mhz Limit: 3201

Memory: 4k page, system-wide physical 15610M (1885M free)
TotalPageFile size 37127M (AvailPageFile size 6256M)
current process WorkingSet (physical memory assigned to process): 1741M, peak: 2645M
current process commit charge ("private bytes"): 2077M, peak: 2414M

vm_info: OpenJDK 64-Bit Server VM (21.0.6+9-b895.109) for windows-amd64 JRE (21.0.6+9-b895.109), built on 2025-03-26 by "builduser" with MS VC++ 16.10 / 16.11 (VS2019)

END.
